Student_ID,Branch,Year,Gender,Attendance,Previous_CGPA,Internal_Marks,Assignment_Score,Study_Hours,LMS_Activity,Library_Visits,Lab_Usage,Certifications,Projects,Hackathons,Internships,Commute_Time,Backlogs,Final_CGPA,Academic_Status,Risk_Level
STU0001,EEE,3rd Year,Male,69.8,7.0,80.44,86.61,3.17,84.58,5,45.29,4,2,0,0,31.34,1,5.79,Needs Attention,High Risk
STU0002,Mechanical,2nd Year,Male,86.51,7.36,66.18,87.92,0.5,60.0,4,71.98,4,5,0,3,67.47,0,6.79,Needs Attention,Medium Risk
STU0003,ECE,3rd Year,Male,75.46,6.12,67.53,71.63,3.39,29.84,1,69.04,3,2,0,1,72.89,0,5.0,At Risk,High Risk
STU0004,Mechanical,3rd Year,Female,76.59,9.04,54.35,79.02,1.09,34.44,2,54.58,3,3,0,1,67.56,0,7.51,Good Standing,Medium Risk
STU0005,Mechanical,4th Year,Male,77.67,7.57,71.78,83.04,5.59,66.15,3,63.51,1,1,1,2,28.52,2,5.83,Needs Attention,High Risk
STU0006,CSE-AI,3rd Year,Male,84.89,8.22,66.98,73.23,3.71,54.55,5,80.57,1,4,1,2,43.29,2,5.9,Needs Attention,High Risk
STU0007,ECE,4th Year,Male,74.3,8.26,79.49,61.48,7.32,52.25,2,36.07,0,3,2,2,35.96,2,6.39,Needs Attention,High Risk
STU0008,ECE,3rd Year,Female,86.24,8.96,80.45,71.27,3.09,71.9,5,41.75,2,3,1,0,49.27,0,7.44,Good Standing,Low Risk
STU0009,ECE,3rd Year,Male,77.12,6.67,83.87,61.17,0.5,85.27,4,75.47,1,1,1,0,60.03,0,6.79,Needs Attention,High Risk
STU0010,Mechanical,3rd Year,Female,65.2,8.2,64.38,75.9,6.12,50.98,6,65.98,1,3,1,0,35.47,0,6.1,Needs Attention,Medium Risk
STU0011,EEE,4th Year,Female,77.56,7.47,39.35,50.07,4.4,38.89,5,63.74,3,3,0,0,24.71,0,5.85,Needs Attention,High Risk
STU0012,ECE,4th Year,Female,65.82,9.61,83.12,79.77,4.68,51.45,4,81.97,1,2,2,2,76.47,2,6.53,Needs Attention,High Risk
STU0013,Civil,2nd Year,Female,78.49,6.67,78.47,52.16,1.7,44.12,4,77.68,3,0,4,1,66.47,0,5.81,Needs Attention,High Risk
STU0014,Mechanical,4th Year,Male,87.95,8.67,62.47,69.35,3.42,76.86,6,95.87,2,1,0,1,51.79,1,6.54,Needs Attention,Medium Risk
STU0015,CSE-AI,4th Year,Female,65.12,7.85,80.32,82.06,3.84,64.92,6,81.11,3,1,0,2,23.73,4,6.57,Needs Attention,High Risk
STU0016,EEE,4th Year,Female,82.37,7.8,50.27,86.08,3.07,100.0,3,74.46,2,1,1,2,62.33,0,7.36,Good Standing,Medium Risk
STU0017,Civil,4th Year,Male,68.05,7.55,87.45,84.41,0.5,79.69,4,64.03,2,0,0,2,41.61,2,5.88,Needs Attention,High Risk
STU0018,Civil,2nd Year,Male,80.42,8.85,67.0,79.48,8.48,100.0,4,62.41,3,0,0,0,5.0,0,7.67,Good Standing,Low Risk
STU0019,CSE-AI,4th Year,Female,88.32,7.76,59.57,59.33,5.0,36.92,2,64.94,2,1,0,2,34.47,1,5.48,At Risk,High Risk
STU0020,EEE,3rd Year,Male,52.45,5.98,62.67,88.73,4.26,5.0,0,69.01,1,0,0,1,54.17,0,5.11,At Risk,High Risk
STU0021,Mechanical,3rd Year,Female,64.63,8.72,68.53,59.65,5.86,69.86,5,43.28,2,1,1,2,40.68,1,6.82,Needs Attention,High Risk
STU0022,CSE,4th Year,Female,73.57,8.54,71.82,90.32,4.66,67.46,4,69.74,2,3,2,2,55.19,0,6.5,Needs Attention,Medium Risk
STU0023,EEE,4th Year,Female,81.78,8.09,72.72,83.79,2.28,62.54,7,60.62,0,5,0,1,54.33,1,6.14,Needs Attention,High Risk
STU0024,CSE-AI,3rd Year,Female,76.0,6.37,65.56,94.02,5.75,66.92,1,71.43,0,4,2,2,23.13,0,5.93,Needs Attention,High Risk
STU0025,Civil,3rd Year,Male,77.45,6.53,75.0,75.35,5.03,42.52,3,54.6,2,2,2,3,58.68,0,6.21,Needs Attention,High Risk
STU0026,Mechanical,2nd Year,Female,100.0,5.62,72.12,63.54,2.35,76.26,5,53.13,4,2,0,0,60.51,1,6.05,Needs Attention,High Risk
STU0027,EEE,3rd Year,Male,63.45,7.96,62.29,56.9,4.92,79.72,5,69.15,2,2,2,2,44.39,0,6.03,Needs Attention,Medium Risk
STU0028,CSE,3rd Year,Male,91.63,6.15,60.03,58.46,3.07,41.01,7,73.59,2,4,1,3,45.3,0,5.82,Needs Attention,High Risk
STU0029,CSE,4th Year,Male,73.8,5.78,81.13,52.09,3.88,57.93,2,54.13,4,3,1,0,45.2,1,5.36,At Risk,High Risk
STU0030,ECE,3rd Year,Male,84.59,8.77,79.86,88.19,4.58,59.16,4,88.75,2,2,0,2,75.25,2,6.77,Needs Attention,High Risk
STU0031,ECE,2nd Year,Female,100.0,8.27,72.86,89.94,5.96,51.58,4,88.62,3,3,2,2,52.65,0,7.23,Good Standing,Low Risk
STU0032,CSE-AI,3rd Year,Male,86.26,7.17,85.86,82.75,2.34,41.78,4,36.52,2,2,1,1,47.5,2,6.26,Needs Attention,High Risk
STU0033,EEE,4th Year,Female,82.47,7.37,42.58,74.54,4.16,65.25,6,51.01,2,2,2,1,54.4,0,6.5,Needs Attention,High Risk
STU0034,EEE,4th Year,Male,97.19,5.09,63.53,100.0,7.13,70.22,8,67.09,0,3,2,3,53.98,1,5.37,At Risk,High Risk
STU0035,Civil,3rd Year,Male,91.5,8.42,54.66,73.63,3.18,52.8,6,71.67,3,2,1,1,43.02,0,6.83,Needs Attention,Medium Risk
STU0036,Civil,4th Year,Female,68.41,6.81,100.0,78.09,3.85,43.18,5,100.0,1,2,1,1,18.3,1,5.73,Needs Attention,High Risk
STU0037,Civil,2nd Year,Female,81.53,7.83,82.7,74.33,7.13,73.21,3,67.54,1,1,1,4,47.17,1,6.4,Needs Attention,High Risk
STU0038,ECE,2nd Year,Female,57.39,5.01,70.81,70.26,4.65,49.65,2,62.9,1,1,0,1,56.82,0,4.8,At Risk,High Risk
STU0039,EEE,3rd Year,Male,71.52,8.48,83.77,83.83,0.85,58.82,7,44.52,4,2,1,2,50.81,2,6.38,Needs Attention,High Risk
STU0040,EEE,3rd Year,Male,81.77,6.75,88.74,66.13,2.07,56.28,3,36.46,1,0,0,2,35.03,1,5.49,At Risk,High Risk
STU0041,CSE,3rd Year,Female,70.77,6.12,88.58,65.19,4.74,89.91,6,62.59,2,0,1,0,41.09,2,5.63,Needs Attention,High Risk
STU0042,ECE,4th Year,Female,81.28,7.16,85.83,84.54,4.26,50.57,2,100.0,0,1,1,0,64.86,2,6.09,Needs Attention,High Risk
STU0043,Mechanical,2nd Year,Female,77.84,6.9,68.06,68.03,3.79,99.51,7,61.19,2,2,0,2,11.29,0,6.37,Needs Attention,High Risk
STU0044,ECE,2nd Year,Female,84.44,8.57,64.48,76.87,7.39,80.05,4,51.09,0,0,0,1,30.13,0,7.3,Good Standing,Medium Risk
STU0045,Mechanical,4th Year,Male,72.91,7.08,57.57,70.22,2.39,100.0,9,73.14,4,3,2,1,47.64,0,6.26,Needs Attention,High Risk
STU0046,CSE,2nd Year,Female,66.72,8.86,79.54,74.84,3.37,78.29,9,28.9,1,1,1,3,65.79,0,6.79,Needs Attention,Medium Risk
STU0047,CSE-AI,3rd Year,Female,95.74,7.83,69.62,65.57,0.5,60.58,3,66.43,5,2,1,2,81.3,0,6.62,Needs Attention,Medium Risk
STU0048,EEE,3rd Year,Female,72.05,8.39,65.72,66.03,5.59,46.65,10,79.84,2,1,1,1,62.79,2,5.79,Needs Attention,High Risk
STU0049,CSE,3rd Year,Female,85.92,7.5,64.94,63.52,2.06,57.89,8,47.94,2,1,1,1,33.14,0,6.31,Needs Attention,Medium Risk
STU0050,EEE,2nd Year,Male,95.22,8.77,93.75,86.81,5.4,94.75,3,89.64,4,1,2,2,9.76,1,7.56,Good Standing,Low Risk
STU0051,Civil,3rd Year,Female,79.95,6.35,86.29,77.41,5.21,64.04,6,76.87,0,0,0,0,82.36,3,5.13,At Risk,High Risk
STU0052,CSE-AI,4th Year,Male,67.72,7.61,99.46,87.86,7.73,78.22,5,89.8,1,2,0,1,28.17,1,6.75,Needs Attention,High Risk
STU0053,CSE-AI,4th Year,Female,75.86,7.1,79.94,89.36,4.67,69.14,4,40.23,5,2,1,0,47.92,0,6.7,Needs Attention,High Risk
STU0054,CSE,2nd Year,Female,90.21,8.9,72.85,68.56,2.86,69.99,1,61.75,1,2,1,1,42.66,1,6.89,Needs Attention,Medium Risk
STU0055,CSE-AI,4th Year,Male,80.47,9.0,71.62,87.34,4.32,70.76,3,81.6,1,4,2,0,43.62,0,6.83,Needs Attention,Low Risk
STU0056,Mechanical,4th Year,Female,63.54,7.5,56.7,74.8,2.13,74.91,5,38.04,1,1,1,1,21.68,1,5.87,Needs Attention,High Risk
STU0057,CSE-AI,2nd Year,Male,85.16,6.21,53.08,72.78,4.07,48.72,5,82.05,1,4,2,2,80.92,1,5.6,Needs Attention,High Risk
STU0058,EEE,3rd Year,Male,87.23,7.93,79.61,92.53,3.14,59.5,7,61.76,1,1,0,0,27.5,1,6.75,Needs Attention,Medium Risk
STU0059,EEE,3rd Year,Female,73.74,5.84,57.98,82.75,3.37,71.19,2,81.91,1,4,4,0,48.17,3,4.97,At Risk,High Risk
STU0060,EEE,3rd Year,Male,85.32,9.13,75.17,70.07,1.88,68.27,4,68.91,3,1,0,2,36.1,0,7.08,Good Standing,Low Risk
STU0061,EEE,2nd Year,Male,80.94,7.03,88.73,81.84,4.04,55.78,4,90.39,3,1,0,2,57.27,2,6.71,Needs Attention,High Risk
STU0062,Mechanical,4th Year,Male,75.63,7.47,62.02,57.28,4.98,73.33,4,41.75,1,2,1,0,40.82,0,5.68,Needs Attention,High Risk
STU0063,ECE,3rd Year,Male,62.48,6.82,100.0,78.46,0.53,49.58,8,70.92,2,3,0,0,38.74,1,6.44,Needs Attention,High Risk
STU0064,Civil,3rd Year,Male,90.94,6.6,57.14,54.01,2.26,40.54,9,37.79,3,0,3,1,66.74,1,4.51,At Risk,High Risk
STU0065,CSE,2nd Year,Male,87.11,8.24,86.85,61.22,3.8,70.9,6,72.55,3,1,1,0,38.53,1,6.54,Needs Attention,Medium Risk
STU0066,EEE,3rd Year,Male,85.01,7.34,78.37,83.18,0.5,41.03,3,70.9,1,2,1,1,73.22,3,5.63,Needs Attention,High Risk
STU0067,CSE-AI,2nd Year,Male,96.53,7.54,89.91,37.62,6.63,70.6,5,59.87,2,1,2,1,20.33,2,6.69,Needs Attention,High Risk
STU0068,EEE,4th Year,Female,89.34,6.5,55.26,100.0,2.22,25.91,5,50.89,3,2,1,2,40.01,1,6.27,Needs Attention,High Risk
STU0069,CSE-AI,2nd Year,Female,86.24,8.36,100.0,86.68,1.81,50.5,4,59.14,5,1,1,0,27.81,1,7.47,Good Standing,Medium Risk
STU0070,Civil,2nd Year,Male,51.44,8.46,69.32,49.26,3.13,58.45,3,66.76,2,3,2,2,45.62,0,6.13,Needs Attention,Medium Risk
STU0071,Civil,2nd Year,Female,92.36,7.29,82.15,100.0,3.75,32.87,2,70.12,5,2,1,0,17.53,0,7.08,Good Standing,Medium Risk
STU0072,Civil,2nd Year,Male,79.0,8.77,93.67,100.0,2.14,57.55,3,99.78,2,1,3,4,57.39,0,6.76,Needs Attention,Low Risk
STU0073,CSE-AI,4th Year,Male,81.75,7.4,62.93,72.47,5.26,88.7,3,80.72,4,4,0,1,59.38,0,6.87,Needs Attention,Medium Risk
STU0074,EEE,4th Year,Female,81.83,8.28,84.39,62.03,4.22,39.59,6,54.44,2,0,2,3,75.12,1,5.8,Needs Attention,High Risk
STU0075,Civil,3rd Year,Male,87.29,5.88,60.43,98.61,1.99,58.09,6,75.43,2,1,2,0,61.95,0,5.57,Needs Attention,High Risk
STU0076,Mechanical,4th Year,Male,91.47,7.85,92.95,70.19,2.56,99.05,2,80.86,1,3,0,0,61.72,0,7.39,Good Standing,Medium Risk
STU0077,CSE-AI,4th Year,Male,85.61,7.23,60.6,77.25,0.77,43.76,2,53.19,2,2,2,0,58.61,1,5.38,At Risk,High Risk
STU0078,CSE-AI,3rd Year,Male,83.7,7.66,72.58,92.04,1.24,92.94,3,77.64,1,3,0,2,40.64,1,7.23,Good Standing,High Risk
STU0079,EEE,4th Year,Female,80.78,7.61,76.59,72.85,4.2,59.42,10,38.24,1,2,1,1,77.38,1,6.17,Needs Attention,High Risk
STU0080,CSE-AI,2nd Year,Male,40.0,7.63,83.76,71.63,2.01,67.04,1,52.54,0,0,1,2,56.09,0,5.35,At Risk,High Risk
STU0081,CSE-AI,2nd Year,Male,74.55,8.12,100.0,57.19,6.75,90.83,4,39.36,2,1,1,0,94.48,1,7.26,Good Standing,Medium Risk
STU0082,Civil,3rd Year,Male,66.7,6.93,65.22,66.17,3.63,55.3,3,61.2,5,2,0,1,80.08,2,5.32,At Risk,High Risk
STU0083,EEE,3rd Year,Female,92.53,8.07,89.08,71.35,1.06,77.62,8,56.47,3,1,2,0,51.93,1,6.86,Needs Attention,Medium Risk
STU0084,Civil,3rd Year,Male,85.43,8.73,100.0,57.66,1.44,82.69,1,57.85,1,5,0,2,52.91,1,7.15,Good Standing,Medium Risk
STU0085,Civil,2nd Year,Female,72.5,6.09,74.49,58.93,5.4,51.98,8,79.68,2,0,2,2,61.64,2,4.09,At Risk,High Risk
STU0086,EEE,4th Year,Female,73.71,6.72,63.75,75.47,3.36,49.77,8,66.63,2,0,0,1,76.68,0,6.03,Needs Attention,High Risk
STU0087,CSE,2nd Year,Male,73.27,6.76,46.05,49.1,5.29,60.43,5,79.41,2,4,0,0,14.3,3,5.03,At Risk,High Risk
STU0088,Civil,3rd Year,Male,73.06,6.41,100.0,62.69,2.84,61.05,9,94.27,3,1,1,1,71.25,0,6.13,Needs Attention,High Risk
STU0089,Mechanical,4th Year,Female,60.67,7.03,68.33,100.0,2.49,43.42,5,100.0,6,0,2,1,52.46,2,5.85,Needs Attention,High Risk
STU0090,Mechanical,4th Year,Male,58.06,8.53,56.98,70.16,5.52,52.17,10,62.48,3,4,1,1,66.61,0,5.98,Needs Attention,Medium Risk
STU0091,CSE-AI,2nd Year,Female,78.35,8.95,51.63,68.41,1.95,5.0,9,74.63,3,1,1,2,30.61,2,5.2,At Risk,High Risk
STU0092,Mechanical,3rd Year,Female,90.9,7.61,56.95,70.1,4.38,58.31,4,62.21,3,3,0,0,29.71,3,5.56,Needs Attention,High Risk
STU0093,CSE-AI,2nd Year,Male,71.55,7.18,85.8,70.32,3.12,82.89,5,83.26,1,2,0,1,51.79,1,6.58,Needs Attention,High Risk
STU0094,CSE,4th Year,Male,81.64,8.3,87.87,83.05,5.08,31.67,7,79.75,2,1,0,1,64.52,1,6.44,Needs Attention,Medium Risk
STU0095,EEE,2nd Year,Female,86.81,5.14,81.78,82.07,6.77,55.74,8,53.11,2,3,3,2,20.37,1,6.08,Needs Attention,High Risk
STU0096,EEE,2nd Year,Female,66.08,6.44,73.99,69.53,2.79,100.0,4,55.76,0,0,1,1,37.03,1,6.26,Needs Attention,High Risk
STU0097,EEE,3rd Year,Female,77.76,5.18,53.32,72.01,2.52,64.55,2,89.95,2,2,1,1,21.05,0,5.57,Needs Attention,High Risk
STU0098,Mechanical,3rd Year,Female,70.0,6.43,61.05,93.38,4.7,92.14,8,55.11,3,1,0,1,53.36,0,6.56,Needs Attention,High Risk
STU0099,CSE,4th Year,Male,97.27,6.73,55.4,53.86,1.55,44.76,7,62.99,2,4,1,1,84.87,0,5.44,At Risk,High Risk
STU0100,Mechanical,2nd Year,Male,96.75,8.98,80.59,74.19,6.41,73.98,5,77.15,1,1,1,0,38.3,1,7.37,Good Standing,Medium Risk
STU0101,Mechanical,2nd Year,Male,66.09,4.74,56.05,76.89,6.1,41.36,9,62.02,2,2,1,0,60.69,0,4.56,At Risk,High Risk
STU0102,CSE,2nd Year,Male,82.63,7.08,61.29,64.13,1.7,73.02,8,92.61,1,1,1,1,47.43,0,5.61,Needs Attention,High Risk
STU0103,CSE,4th Year,Male,90.81,8.12,69.25,73.39,0.65,81.84,6,83.6,2,1,0,0,52.38,1,6.8,Needs Attention,Medium Risk
STU0104,CSE,4th Year,Female,88.18,7.91,46.95,62.24,1.41,77.1,6,49.08,0,2,1,0,33.08,0,6.47,Needs Attention,Medium Risk
STU0105,CSE,3rd Year,Male,78.98,8.96,72.7,83.92,1.44,58.1,5,54.46,0,1,0,0,58.09,1,6.49,Needs Attention,Medium Risk
STU0106,EEE,3rd Year,Male,93.68,7.66,70.39,56.27,4.94,70.5,4,75.58,4,1,0,0,40.98,1,6.38,Needs Attention,High Risk
STU0107,ECE,3rd Year,Male,67.15,7.87,89.76,89.87,6.29,70.69,9,64.06,3,4,1,0,80.83,0,7.08,Good Standing,Medium Risk
STU0108,ECE,2nd Year,Male,74.36,5.66,59.7,73.97,4.92,78.32,2,30.07,0,2,1,1,34.78,2,5.04,At Risk,High Risk
STU0109,CSE,2nd Year,Male,67.47,6.51,52.51,68.73,3.07,62.52,8,47.52,0,1,0,0,64.58,0,5.6,Needs Attention,High Risk
STU0110,ECE,3rd Year,Female,87.39,5.72,66.39,60.93,4.12,83.62,5,69.21,3,4,0,1,84.47,1,5.39,At Risk,High Risk
STU0111,ECE,2nd Year,Female,71.01,8.07,55.53,89.43,1.93,93.69,4,81.03,2,2,1,0,68.77,2,6.41,Needs Attention,High Risk
STU0112,CSE,3rd Year,Female,75.95,7.85,72.59,65.87,5.47,58.64,5,81.29,4,2,0,3,26.95,1,5.82,Needs Attention,High Risk
STU0113,ECE,4th Year,Male,85.41,7.81,44.1,58.66,4.28,65.93,3,100.0,4,0,2,4,25.05,1,6.34,Needs Attention,High Risk
STU0114,Mechanical,3rd Year,Female,86.38,6.62,62.92,89.72,4.89,46.9,8,52.55,1,2,1,0,54.07,1,6.04,Needs Attention,High Risk
STU0115,CSE-AI,4th Year,Female,67.11,6.53,58.07,62.34,2.19,71.81,7,53.41,0,1,1,1,46.24,1,6.02,Needs Attention,High Risk
STU0116,CSE-AI,2nd Year,Male,90.68,7.71,80.52,73.68,3.2,71.93,4,64.54,3,2,0,1,55.31,2,6.17,Needs Attention,High Risk
STU0117,CSE,3rd Year,Male,83.47,6.83,59.84,86.46,4.81,66.16,2,34.83,3,4,0,1,68.9,0,6.44,Needs Attention,High Risk
STU0118,EEE,2nd Year,Male,65.02,6.48,45.96,77.21,6.1,67.67,3,64.94,1,2,0,0,46.75,0,5.42,At Risk,High Risk
STU0119,CSE,4th Year,Female,62.07,6.99,68.97,99.23,2.41,100.0,2,61.48,1,0,1,1,32.42,0,5.87,Needs Attention,High Risk
STU0120,EEE,4th Year,Female,77.81,6.84,76.8,63.31,4.9,7.27,7,79.25,4,0,0,0,49.15,1,5.35,At Risk,High Risk
STU0121,CSE-AI,4th Year,Male,88.2,6.63,67.93,72.05,2.22,55.07,5,82.31,2,3,1,0,75.39,1,6.02,Needs Attention,High Risk
STU0122,CSE,2nd Year,Male,88.51,6.27,62.83,73.14,7.31,58.13,6,71.43,1,0,0,3,45.71,0,6.44,Needs Attention,High Risk
STU0123,Civil,2nd Year,Female,82.27,7.95,61.93,83.7,2.75,94.14,2,65.05,1,2,0,0,88.03,2,6.19,Needs Attention,High Risk
STU0124,Mechanical,2nd Year,Female,78.58,9.06,73.69,93.04,4.66,74.51,6,71.55,1,2,0,0,62.7,1,7.15,Good Standing,Medium Risk
STU0125,ECE,2nd Year,Male,84.14,7.46,58.66,76.03,3.8,74.99,3,50.73,3,3,0,0,60.8,0,6.48,Needs Attention,Medium Risk
STU0126,EEE,4th Year,Male,67.74,7.72,67.07,73.07,8.19,90.2,3,63.51,1,1,0,1,34.09,1,6.19,Needs Attention,High Risk
STU0127,Civil,4th Year,Female,98.24,8.04,83.26,54.24,3.91,61.4,3,65.3,2,2,0,0,42.5,1,6.58,Needs Attention,Medium Risk
STU0128,ECE,3rd Year,Male,98.09,7.87,52.48,76.57,2.57,78.05,6,63.65,2,5,3,0,55.45,0,6.98,Needs Attention,Medium Risk
STU0129,ECE,3rd Year,Female,83.15,6.65,71.34,65.9,4.65,54.38,5,61.92,1,2,2,0,44.41,1,5.71,Needs Attention,High Risk
STU0130,CSE,2nd Year,Female,80.37,9.22,45.17,83.66,4.61,43.93,8,53.82,2,1,2,0,70.22,1,6.14,Needs Attention,Medium Risk
STU0131,ECE,4th Year,Female,73.06,6.74,75.42,69.26,3.22,100.0,4,46.54,1,0,1,0,49.27,2,5.75,Needs Attention,High Risk
STU0132,Mechanical,4th Year,Female,84.34,8.15,57.32,71.63,1.53,72.38,5,61.31,0,2,0,0,33.2,2,5.61,Needs Attention,High Risk
STU0133,Civil,4th Year,Male,69.7,8.03,87.29,54.56,2.55,77.89,5,75.7,0,0,0,0,52.06,1,6.58,Needs Attention,High Risk
STU0134,ECE,3rd Year,Male,51.32,5.54,49.85,49.64,5.09,43.4,7,33.73,5,3,1,1,38.58,0,4.42,At Risk,High Risk
STU0135,CSE,3rd Year,Female,45.43,7.14,78.63,100.0,0.5,75.21,6,56.05,1,0,1,1,59.51,0,6.46,Needs Attention,High Risk
STU0136,Mechanical,4th Year,Female,68.41,7.56,90.32,76.82,3.05,100.0,1,100.0,0,4,0,1,35.57,0,7.34,Good Standing,Medium Risk
STU0137,CSE-AI,4th Year,Female,79.88,7.63,56.54,80.66,5.29,59.45,2,61.53,5,2,3,1,82.98,0,7.05,Good Standing,High Risk
STU0138,Civil,4th Year,Female,81.98,7.8,59.07,62.23,3.33,39.88,7,67.72,2,0,1,0,16.24,1,5.92,Needs Attention,High Risk
STU0139,ECE,3rd Year,Female,72.16,8.26,57.84,87.26,7.41,68.68,9,98.1,2,3,2,2,39.51,1,6.58,Needs Attention,High Risk
STU0140,CSE,4th Year,Male,79.7,7.49,64.71,84.73,0.5,44.28,10,70.75,3,1,4,1,49.88,0,6.33,Needs Attention,High Risk
STU0141,CSE-AI,4th Year,Male,74.71,7.85,79.76,63.77,1.77,33.84,7,71.16,2,5,0,2,36.58,0,6.33,Needs Attention,Medium Risk
STU0142,CSE-AI,2nd Year,Male,66.01,7.46,63.49,60.17,0.5,50.3,7,48.62,0,1,3,0,5.0,2,5.8,Needs Attention,High Risk
STU0143,EEE,2nd Year,Male,77.36,6.48,55.19,64.74,7.09,55.15,2,70.63,1,1,0,1,85.05,3,4.91,At Risk,High Risk
STU0144,Mechanical,3rd Year,Female,87.76,7.53,41.72,74.6,1.8,45.26,5,64.73,2,2,0,2,61.64,0,6.0,Needs Attention,High Risk
STU0145,ECE,4th Year,Female,66.55,8.25,96.03,77.34,0.5,91.53,5,81.65,0,1,2,1,21.97,0,6.98,Needs Attention,Medium Risk
STU0146,CSE,4th Year,Female,66.56,8.61,97.21,75.54,2.4,100.0,7,87.99,0,2,1,0,24.84,0,6.81,Needs Attention,Low Risk
STU0147,EEE,2nd Year,Female,65.17,8.04,80.4,93.18,0.99,77.36,5,65.55,0,2,1,2,17.64,1,6.86,Needs Attention,High Risk
STU0148,Mechanical,3rd Year,Female,54.76,8.83,59.84,64.99,2.41,72.68,6,71.88,1,2,0,1,44.17,1,5.11,At Risk,High Risk
STU0149,EEE,2nd Year,Male,72.24,7.92,83.22,59.79,3.57,62.16,4,30.98,2,2,2,1,76.46,0,6.52,Needs Attention,Medium Risk
STU0150,Civil,2nd Year,Female,86.57,8.36,86.23,75.0,4.95,47.07,11,24.76,2,2,0,1,41.22,3,6.75,Needs Attention,High Risk
STU0151,Mechanical,2nd Year,Male,80.09,8.44,68.19,51.3,3.19,97.06,5,84.68,1,7,0,0,37.89,1,6.97,Needs Attention,Medium Risk
STU0152,Mechanical,2nd Year,Male,75.97,7.28,72.62,84.74,3.55,63.74,6,20.09,0,2,0,0,66.39,1,5.8,Needs Attention,High Risk
STU0153,ECE,4th Year,Male,79.55,8.23,90.48,76.37,2.45,55.75,3,70.89,3,1,0,0,53.46,1,7.18,Good Standing,Medium Risk
STU0154,Mechanical,4th Year,Male,72.13,6.56,47.39,70.27,0.78,85.3,1,61.87,3,3,1,3,45.9,3,5.95,Needs Attention,High Risk
STU0155,EEE,2nd Year,Female,54.63,7.85,86.98,69.49,0.5,63.53,5,87.16,3,0,1,0,61.78,1,6.25,Needs Attention,High Risk
STU0156,Mechanical,3rd Year,Male,87.4,8.08,67.36,87.74,2.84,84.55,5,64.37,1,3,0,1,11.77,0,7.66,Good Standing,Medium Risk
STU0157,ECE,3rd Year,Male,90.85,8.55,55.31,87.29,3.65,56.81,5,97.44,2,2,1,1,56.54,2,7.11,Good Standing,High Risk
STU0158,ECE,3rd Year,Male,69.26,8.32,56.55,71.55,2.71,85.35,6,61.33,1,1,0,2,72.78,0,6.08,Needs Attention,Medium Risk
STU0159,Civil,3rd Year,Female,76.19,8.56,59.03,83.28,0.5,84.6,1,85.63,2,2,1,3,22.38,0,6.48,Needs Attention,Medium Risk
STU0160,EEE,2nd Year,Female,75.16,7.4,53.85,87.09,3.86,91.5,11,38.03,2,3,0,0,39.69,1,6.54,Needs Attention,High Risk
STU0161,CSE-AI,4th Year,Female,82.22,7.15,98.57,79.7,6.43,50.81,1,23.56,1,1,2,3,8.15,0,5.51,Needs Attention,Medium Risk
STU0162,CSE-AI,3rd Year,Male,98.28,7.23,79.37,72.12,3.29,63.34,5,64.49,0,1,1,0,38.48,0,6.45,Needs Attention,Medium Risk
STU0163,Mechanical,2nd Year,Male,91.92,7.77,87.97,80.34,2.46,100.0,6,39.79,0,3,0,1,34.24,0,7.05,Good Standing,Medium Risk
STU0164,Civil,3rd Year,Female,73.48,5.69,80.44,60.45,3.39,60.07,5,63.92,3,1,1,1,81.28,2,5.12,At Risk,High Risk
STU0165,CSE,3rd Year,Male,84.51,8.83,72.92,76.0,1.51,81.22,5,57.56,2,1,1,1,37.92,0,6.63,Needs Attention,Low Risk
STU0166,Mechanical,2nd Year,Female,93.05,7.54,73.12,71.74,1.4,100.0,3,75.89,0,2,1,3,53.07,2,6.48,Needs Attention,High Risk
STU0167,Civil,4th Year,Female,82.9,7.08,66.04,69.54,4.31,28.02,5,45.84,1,4,1,0,74.04,0,5.96,Needs Attention,High Risk
STU0168,EEE,4th Year,Male,77.94,4.97,67.26,50.83,5.28,59.41,2,72.64,0,5,0,1,5.0,3,5.39,At Risk,High Risk
STU0169,EEE,2nd Year,Male,83.35,7.46,50.88,60.61,3.24,65.04,7,80.55,1,0,0,2,49.7,1,5.84,Needs Attention,High Risk
STU0170,EEE,4th Year,Male,69.56,7.3,88.23,68.2,0.5,29.02,6,61.3,2,2,1,3,25.01,2,5.07,At Risk,High Risk
STU0171,EEE,2nd Year,Male,71.31,6.6,44.8,87.53,4.14,55.88,5,73.61,1,1,0,2,25.49,1,5.4,At Risk,High Risk
STU0172,EEE,2nd Year,Female,65.23,6.83,56.12,79.0,7.22,45.57,4,47.39,3,5,0,0,29.91,3,5.77,Needs Attention,High Risk
STU0173,Civil,2nd Year,Female,81.68,7.47,100.0,88.16,3.06,82.15,4,58.11,3,3,1,0,37.22,0,7.12,Good Standing,Medium Risk
STU0174,Civil,4th Year,Female,76.42,6.91,74.04,92.4,3.18,30.35,6,40.84,3,4,0,0,26.45,0,6.36,Needs Attention,High Risk
STU0175,ECE,2nd Year,Female,68.12,8.07,74.67,79.61,1.93,100.0,11,100.0,1,3,2,0,38.77,0,7.27,Good Standing,Medium Risk
STU0176,CSE-AI,3rd Year,Female,76.03,6.75,81.56,76.96,4.37,78.8,6,87.12,2,7,1,2,66.37,0,6.57,Needs Attention,High Risk
STU0177,EEE,4th Year,Male,83.64,7.65,48.89,61.38,2.29,43.92,4,94.88,2,2,0,1,56.73,1,5.73,Needs Attention,High Risk
STU0178,CSE,4th Year,Female,100.0,8.68,51.09,100.0,5.34,85.53,0,86.86,1,3,2,0,101.38,1,7.19,Good Standing,Medium Risk
STU0179,Civil,4th Year,Female,90.14,7.46,65.33,55.15,2.32,76.94,5,53.06,1,2,0,0,50.73,1,5.99,Needs Attention,High Risk
STU0180,CSE,4th Year,Female,50.59,7.86,58.45,76.66,4.12,64.22,3,37.38,0,6,0,2,59.0,0,5.87,Needs Attention,High Risk
STU0181,CSE,3rd Year,Male,80.87,7.79,70.88,86.66,3.42,50.57,2,57.37,1,2,2,1,72.15,0,6.05,Needs Attention,Medium Risk
STU0182,CSE,4th Year,Male,95.15,7.51,79.28,86.85,6.3,75.95,4,73.56,0,2,1,1,23.35,0,6.77,Needs Attention,Medium Risk
STU0183,ECE,4th Year,Male,61.95,7.43,92.84,58.83,4.24,67.46,5,59.78,1,1,1,1,71.69,2,6.12,Needs Attention,High Risk
STU0184,Civil,2nd Year,Male,84.62,6.93,84.17,69.12,6.0,51.22,8,24.77,0,3,1,1,27.39,4,5.84,Needs Attention,High Risk
STU0185,CSE,4th Year,Female,75.16,7.65,57.09,63.81,3.7,38.13,2,78.45,3,2,1,1,55.52,0,5.36,At Risk,High Risk
STU0186,EEE,3rd Year,Female,91.8,7.22,66.38,47.27,3.19,47.99,4,36.23,3,2,1,1,65.28,0,5.57,Needs Attention,High Risk
STU0187,Mechanical,3rd Year,Male,82.85,9.05,62.3,76.82,3.43,54.93,9,57.4,3,3,1,0,8.02,1,6.52,Needs Attention,Medium Risk
STU0188,CSE,3rd Year,Male,67.39,8.31,56.75,64.95,2.11,88.25,2,96.39,1,3,2,1,38.69,0,5.89,Needs Attention,Medium Risk
STU0189,ECE,3rd Year,Female,75.59,6.05,53.34,96.08,4.46,82.22,5,65.88,0,3,0,0,44.64,1,5.83,Needs Attention,High Risk
STU0190,Civil,4th Year,Female,76.3,6.1,96.96,83.61,2.26,56.0,6,84.38,2,1,1,0,23.61,1,5.83,Needs Attention,High Risk
STU0191,ECE,4th Year,Male,76.52,7.37,72.16,75.58,3.7,56.78,6,71.24,2,3,0,1,52.67,0,6.41,Needs Attention,High Risk
STU0192,CSE,3rd Year,Male,91.43,7.1,68.64,68.38,5.04,84.83,6,46.84,1,6,1,0,79.93,0,6.91,Needs Attention,Medium Risk
STU0193,Civil,3rd Year,Male,67.89,7.32,79.26,76.61,6.35,70.35,5,78.13,2,3,0,3,26.6,0,5.81,Needs Attention,High Risk
STU0194,Mechanical,4th Year,Male,90.04,8.15,80.01,71.42,3.79,70.07,5,63.86,1,1,0,1,69.73,0,6.55,Needs Attention,Medium Risk
STU0195,CSE,3rd Year,Female,74.37,7.82,88.78,75.97,5.05,50.93,5,38.26,6,1,1,1,55.83,1,5.89,Needs Attention,High Risk
STU0196,ECE,2nd Year,Female,80.68,7.81,60.85,100.0,4.84,62.53,5,35.23,0,2,2,0,18.89,1,5.75,Needs Attention,High Risk
STU0197,CSE-AI,3rd Year,Female,78.87,8.95,78.04,60.09,2.81,65.09,2,71.9,0,1,0,0,37.67,0,6.91,Needs Attention,Low Risk
STU0198,EEE,3rd Year,Male,77.74,6.11,58.33,72.64,7.29,63.18,2,100.0,1,1,2,0,51.18,1,5.47,At Risk,High Risk
STU0199,ECE,2nd Year,Male,77.84,7.6,69.15,84.89,2.46,79.68,7,45.63,3,0,0,2,77.74,1,6.11,Needs Attention,High Risk
STU0200,Civil,2nd Year,Female,95.49,6.92,72.85,69.4,3.66,80.31,4,47.77,1,1,1,2,62.03,0,6.08,Needs Attention,Medium Risk
STU0201,CSE,4th Year,Female,88.11,8.94,74.32,97.13,6.12,46.62,5,72.16,2,3,2,1,32.27,0,6.77,Needs Attention,Low Risk
STU0202,EEE,4th Year,Female,73.65,5.29,73.65,84.5,6.07,55.0,2,41.35,3,2,2,1,53.9,1,5.46,At Risk,High Risk
STU0203,CSE,2nd Year,Female,96.99,5.33,84.03,64.94,3.53,51.25,4,100.0,1,3,2,2,5.0,2,5.52,Needs Attention,High Risk
STU0204,Civil,2nd Year,Male,81.3,7.8,63.05,77.86,5.28,92.77,6,49.42,2,3,0,0,64.06,1,6.22,Needs Attention,High Risk
STU0205,CSE,4th Year,Female,82.29,8.63,74.73,65.14,3.1,100.0,3,56.02,1,2,1,0,30.68,2,6.94,Needs Attention,High Risk
STU0206,CSE-AI,3rd Year,Female,67.95,8.27,60.62,63.85,2.62,55.73,6,50.52,2,1,2,0,24.88,1,6.03,Needs Attention,High Risk
STU0207,EEE,2nd Year,Female,72.03,6.7,100.0,73.04,1.32,61.66,3,81.83,5,1,1,1,39.71,0,6.05,Needs Attention,High Risk
STU0208,EEE,4th Year,Female,69.74,9.01,58.31,92.69,4.8,81.85,9,100.0,0,2,0,0,21.09,3,6.26,Needs Attention,High Risk
STU0209,Civil,3rd Year,Female,79.03,6.27,61.49,85.44,4.99,50.86,0,52.34,2,0,0,1,42.07,1,5.82,Needs Attention,High Risk
STU0210,CSE-AI,2nd Year,Female,85.67,8.81,85.24,74.68,2.48,82.3,2,80.6,3,2,1,1,67.07,0,7.53,Good Standing,Low Risk
STU0211,ECE,3rd Year,Female,82.41,6.4,65.56,85.94,3.98,64.58,3,41.49,0,3,0,0,6.51,1,5.71,Needs Attention,High Risk
STU0212,CSE,4th Year,Male,97.06,7.15,85.25,78.76,8.27,30.13,9,82.27,1,3,0,0,44.56,0,7.01,Good Standing,Medium Risk
STU0213,Mechanical,2nd Year,Male,67.35,8.14,74.3,58.62,5.56,38.99,4,96.65,4,5,0,2,42.85,1,6.0,Needs Attention,High Risk
STU0214,CSE,3rd Year,Male,79.38,6.03,65.95,72.97,1.88,58.24,7,91.14,1,2,4,1,56.38,1,5.74,Needs Attention,High Risk
STU0215,CSE,2nd Year,Male,62.6,8.97,60.71,73.98,5.3,89.46,6,67.39,2,2,2,0,42.28,1,6.19,Needs Attention,Medium Risk
STU0216,ECE,3rd Year,Female,66.94,7.14,60.17,85.66,1.89,47.15,9,46.41,3,1,0,1,65.11,1,5.54,Needs Attention,High Risk
STU0217,CSE,4th Year,Male,93.17,7.64,66.12,67.07,0.5,54.32,4,65.01,1,1,0,0,73.37,1,5.73,Needs Attention,High Risk
STU0218,CSE-AI,4th Year,Male,72.44,8.66,69.38,62.22,3.46,69.22,7,59.4,1,0,1,1,66.73,0,5.81,Needs Attention,Medium Risk
STU0219,CSE-AI,2nd Year,Female,68.36,6.71,59.52,74.36,6.31,31.62,3,56.96,1,3,2,1,31.47,1,5.28,At Risk,High Risk
STU0220,EEE,3rd Year,Female,52.44,8.56,70.36,65.96,6.02,70.97,5,68.72,1,5,0,1,84.9,1,6.03,Needs Attention,High Risk
STU0221,Civil,2nd Year,Male,68.24,9.14,55.59,70.47,4.18,34.13,4,63.8,2,0,1,1,23.09,0,6.51,Needs Attention,Medium Risk
STU0222,Mechanical,2nd Year,Male,75.54,6.84,83.34,73.87,2.52,76.34,2,77.74,2,4,0,1,60.47,0,6.19,Needs Attention,High Risk
STU0223,CSE,3rd Year,Female,61.71,8.87,86.21,69.64,4.38,48.82,1,77.86,0,3,2,2,69.23,0,6.61,Needs Attention,Medium Risk
STU0224,CSE,3rd Year,Male,74.85,5.74,61.44,88.48,3.02,46.16,2,63.87,3,1,2,0,87.82,1,5.08,At Risk,High Risk
STU0225,ECE,3rd Year,Female,93.25,7.89,60.6,94.8,2.58,70.46,5,72.78,4,0,0,1,66.38,1,6.23,Needs Attention,High Risk
STU0226,Civil,4th Year,Female,69.51,6.27,74.67,87.08,5.41,80.88,5,88.78,2,5,0,1,31.07,0,6.54,Needs Attention,High Risk
STU0227,CSE-AI,2nd Year,Female,66.68,8.44,90.98,50.2,2.55,72.53,5,55.43,1,4,0,2,64.6,0,6.41,Needs Attention,Medium Risk
STU0228,Mechanical,2nd Year,Female,64.51,8.36,94.3,66.01,5.53,69.15,8,65.29,0,2,3,1,43.56,0,6.53,Needs Attention,Medium Risk
STU0229,EEE,4th Year,Male,64.3,9.58,50.96,72.5,2.43,69.44,6,46.49,1,3,1,0,68.31,3,5.66,Needs Attention,High Risk
STU0230,CSE-AI,3rd Year,Female,84.43,8.92,87.09,49.15,7.21,72.65,3,73.64,5,2,0,0,50.12,2,6.19,Needs Attention,Medium Risk
STU0231,Civil,4th Year,Female,78.58,7.33,71.08,62.74,0.55,73.96,3,68.57,1,3,1,2,74.84,1,6.19,Needs Attention,High Risk
STU0232,EEE,4th Year,Male,89.48,6.42,71.37,72.32,1.78,57.11,5,73.3,2,2,0,1,46.84,1,5.82,Needs Attention,High Risk
STU0233,ECE,4th Year,Female,100.0,8.07,79.57,68.71,3.22,78.09,3,47.2,2,2,2,0,65.06,1,7.18,Good Standing,Medium Risk
STU0234,ECE,2nd Year,Male,56.04,7.44,64.79,75.12,0.5,49.04,2,78.78,1,3,1,0,33.91,1,5.77,Needs Attention,High Risk
STU0235,CSE,4th Year,Male,82.56,9.05,88.45,55.67,0.5,86.83,6,66.84,3,2,1,2,69.93,1,6.6,Needs Attention,Medium Risk
STU0236,Civil,2nd Year,Male,64.58,5.33,93.36,68.56,0.5,80.65,6,83.53,3,1,0,0,5.0,1,5.7,Needs Attention,High Risk
STU0237,Mechanical,2nd Year,Female,87.47,9.69,93.92,77.13,2.97,100.0,6,57.12,3,2,0,0,60.39,0,7.93,Good Standing,Low Risk
STU0238,EEE,2nd Year,Male,74.74,8.03,44.34,75.14,3.02,75.28,6,77.28,2,1,3,1,53.64,2,6.16,Needs Attention,High Risk
STU0239,CSE-AI,3rd Year,Male,78.33,6.69,68.56,81.26,4.1,83.18,7,73.01,5,1,1,2,49.31,0,6.73,Needs Attention,High Risk
STU0240,Civil,2nd Year,Female,62.6,8.23,42.97,80.44,3.15,33.79,2,92.44,2,1,1,1,5.0,1,4.96,At Risk,High Risk
STU0241,Civil,2nd Year,Male,72.88,8.8,60.52,69.3,4.04,83.83,7,62.91,1,2,1,1,36.41,0,7.05,Good Standing,Medium Risk
STU0242,ECE,3rd Year,Male,79.08,7.61,36.04,76.68,2.69,88.53,4,55.01,0,2,0,3,70.38,1,6.18,Needs Attention,High Risk
STU0243,CSE,2nd Year,Male,94.27,5.74,78.75,63.8,4.79,95.09,5,56.11,1,1,1,1,29.46,2,5.64,Needs Attention,High Risk
STU0244,CSE,4th Year,Male,68.47,7.21,75.29,71.22,4.57,67.41,5,45.05,2,2,2,0,16.95,2,5.88,Needs Attention,High Risk
STU0245,EEE,4th Year,Male,71.39,8.54,65.51,60.22,2.91,58.16,5,55.94,1,3,2,0,24.8,0,5.6,Needs Attention,Medium Risk
STU0246,ECE,2nd Year,Female,89.33,8.0,60.13,89.92,4.46,43.21,4,22.87,3,3,1,3,70.11,1,6.3,Needs Attention,High Risk
STU0247,Civil,3rd Year,Male,67.69,7.34,76.71,71.17,3.16,45.04,4,89.64,0,0,0,3,55.49,0,5.44,At Risk,High Risk
STU0248,Mechanical,4th Year,Male,91.71,8.81,56.83,89.9,0.76,64.49,3,99.81,1,2,0,0,74.76,2,6.7,Needs Attention,High Risk
STU0249,ECE,3rd Year,Female,77.89,8.24,55.81,79.36,5.13,29.97,3,62.34,1,0,1,1,60.24,1,5.91,Needs Attention,High Risk
STU0250,EEE,3rd Year,Female,81.64,8.32,53.96,62.6,1.87,49.64,7,72.89,1,2,0,3,28.96,0,6.1,Needs Attention,Medium Risk
STU0251,EEE,4th Year,Female,82.41,7.09,68.94,78.52,5.11,66.79,5,67.95,2,1,0,0,82.83,1,6.08,Needs Attention,High Risk
STU0252,ECE,3rd Year,Male,70.61,6.99,63.27,86.34,4.08,66.34,4,41.36,2,1,3,0,34.12,1,5.61,Needs Attention,High Risk
STU0253,EEE,4th Year,Female,82.68,5.8,66.24,73.91,3.35,45.61,9,83.47,1,2,0,0,29.77,1,4.98,At Risk,High Risk
STU0254,ECE,3rd Year,Male,68.73,7.24,79.83,76.04,0.5,40.32,5,86.16,1,0,1,0,51.34,0,6.6,Needs Attention,High Risk
STU0255,CSE-AI,4th Year,Male,71.97,8.44,86.45,67.28,6.27,43.31,5,46.26,1,1,0,2,54.61,1,6.64,Needs Attention,High Risk
STU0256,ECE,2nd Year,Female,84.7,7.3,93.76,75.34,2.85,60.58,6,70.94,1,3,1,0,63.01,0,6.67,Needs Attention,Medium Risk
STU0257,ECE,4th Year,Female,81.52,7.95,72.9,78.33,4.64,100.0,6,60.27,1,2,1,2,39.52,0,6.86,Needs Attention,Medium Risk
STU0258,EEE,4th Year,Male,77.1,8.61,77.21,66.9,3.29,86.21,6,86.42,4,3,2,0,74.45,3,7.36,Good Standing,High Risk
STU0259,EEE,4th Year,Female,62.9,7.87,74.83,59.89,3.01,69.28,4,63.51,0,2,0,1,33.22,0,6.73,Needs Attention,Medium Risk
STU0260,CSE,4th Year,Male,65.89,7.97,46.89,93.03,3.85,76.08,3,64.0,1,3,2,1,24.33,1,6.04,Needs Attention,High Risk
STU0261,CSE,3rd Year,Female,81.32,6.14,66.45,83.46,3.55,85.32,4,97.78,2,1,1,1,7.08,0,5.82,Needs Attention,High Risk
STU0262,CSE-AI,2nd Year,Female,86.79,7.18,66.52,67.33,3.02,78.51,5,41.86,2,0,0,2,41.58,0,6.28,Needs Attention,Medium Risk
STU0263,CSE,4th Year,Female,64.68,9.23,64.34,78.08,3.4,58.84,2,69.46,1,2,0,1,62.93,0,6.4,Needs Attention,Medium Risk
STU0264,ECE,3rd Year,Male,67.92,7.6,71.39,54.3,4.27,48.09,6,66.6,3,2,1,1,60.52,1,5.36,At Risk,High Risk
STU0265,EEE,2nd Year,Female,79.61,9.4,68.71,47.32,4.4,62.49,0,54.13,1,2,1,2,52.38,1,6.97,Needs Attention,Medium Risk
STU0266,CSE,2nd Year,Male,79.35,6.78,57.21,90.18,3.58,85.08,9,100.0,3,2,1,0,36.59,0,6.47,Needs Attention,High Risk
STU0267,CSE,2nd Year,Male,58.51,7.73,69.73,78.21,4.62,59.59,3,71.06,1,3,0,3,70.93,0,5.9,Needs Attention,High Risk
STU0268,CSE-AI,2nd Year,Male,79.94,7.12,62.41,74.33,2.74,42.91,10,77.09,0,3,0,0,47.62,0,5.69,Needs Attention,High Risk
STU0269,Civil,4th Year,Male,70.82,8.09,32.71,78.26,7.5,30.53,4,79.66,2,3,3,1,53.85,2,5.29,At Risk,High Risk
STU0270,CSE-AI,4th Year,Female,97.69,8.4,51.04,100.0,6.17,62.58,4,59.22,4,2,0,1,22.53,1,6.66,Needs Attention,Medium Risk
STU0271,ECE,3rd Year,Male,80.99,8.1,73.33,87.17,4.87,44.49,7,87.35,5,2,3,1,8.74,0,6.5,Needs Attention,Medium Risk
STU0272,EEE,3rd Year,Male,83.06,8.54,88.38,60.36,0.5,56.27,5,83.73,2,2,1,0,63.21,0,7.46,Good Standing,Low Risk
STU0273,CSE-AI,3rd Year,Female,83.37,7.49,35.59,51.47,4.59,94.12,4,62.8,2,1,1,1,96.33,0,5.47,At Risk,High Risk
STU0274,CSE,2nd Year,Male,63.43,7.31,58.94,89.76,2.89,63.92,10,81.89,0,2,2,1,54.85,0,5.14,At Risk,High Risk
STU0275,EEE,2nd Year,Female,100.0,5.74,78.47,86.99,1.74,49.99,5,87.32,0,1,0,0,63.33,0,6.21,Needs Attention,High Risk
STU0276,EEE,4th Year,Male,58.53,8.14,85.17,83.05,2.85,71.18,7,79.31,3,2,1,0,62.9,0,7.0,Good Standing,Medium Risk
STU0277,CSE,2nd Year,Female,87.55,7.67,65.7,63.62,1.94,100.0,3,49.97,3,1,0,4,47.46,0,6.72,Needs Attention,Medium Risk
STU0278,CSE-AI,2nd Year,Male,85.42,7.43,61.76,80.09,4.41,62.59,4,63.34,2,4,0,0,14.92,1,5.73,Needs Attention,High Risk
STU0279,CSE,2nd Year,Female,72.28,7.31,90.3,64.87,6.41,17.89,3,73.56,1,3,1,0,60.68,0,5.84,Needs Attention,High Risk
STU0280,Civil,3rd Year,Male,86.0,7.46,83.94,84.28,4.99,78.0,2,69.54,3,5,0,4,76.57,1,6.62,Needs Attention,High Risk
STU0281,EEE,3rd Year,Male,74.19,7.26,84.88,88.76,8.47,71.93,3,51.59,2,2,1,0,56.91,0,7.07,Good Standing,Medium Risk
STU0282,Mechanical,4th Year,Female,69.89,6.97,64.98,67.39,0.7,66.8,6,59.84,3,4,2,0,41.89,0,5.68,Needs Attention,High Risk
STU0283,Mechanical,2nd Year,Female,83.63,7.74,88.71,90.85,2.59,60.62,7,71.33,1,3,1,0,54.93,1,6.79,Needs Attention,High Risk
STU0284,ECE,2nd Year,Female,65.92,7.98,42.82,76.61,1.8,48.85,5,37.83,3,2,0,0,45.3,2,5.68,Needs Attention,High Risk
STU0285,CSE,4th Year,Female,75.31,6.73,88.97,81.89,5.71,95.3,3,65.35,4,0,1,1,72.91,1,6.14,Needs Attention,High Risk
STU0286,CSE,2nd Year,Male,70.87,7.1,71.0,56.67,3.1,28.23,3,77.54,2,1,1,0,51.08,0,5.27,At Risk,High Risk
STU0287,ECE,2nd Year,Male,73.97,7.3,73.93,78.25,3.84,58.82,7,70.09,1,0,2,1,61.31,0,6.22,Needs Attention,High Risk
STU0288,ECE,3rd Year,Female,83.19,7.5,57.82,65.54,4.64,58.35,3,49.57,1,0,0,3,69.54,0,4.77,At Risk,High Risk
STU0289,ECE,4th Year,Male,70.87,7.37,44.79,81.64,0.88,82.07,4,52.73,0,5,1,0,61.41,2,6.21,Needs Attention,High Risk
STU0290,EEE,4th Year,Female,75.69,8.16,73.62,95.54,2.38,89.71,7,91.77,3,2,0,1,48.25,4,6.08,Needs Attention,High Risk
STU0291,Civil,4th Year,Female,71.96,5.85,80.27,79.05,5.3,60.47,4,48.12,5,5,3,1,16.8,0,6.08,Needs Attention,High Risk
STU0292,CSE,4th Year,Male,95.33,6.02,82.54,62.39,2.51,68.86,2,86.34,3,0,1,2,55.81,0,5.61,Needs Attention,High Risk
STU0293,EEE,3rd Year,Male,82.11,7.69,80.92,83.77,0.5,70.56,3,53.82,0,1,0,1,65.6,0,7.05,Good Standing,Medium Risk
STU0294,ECE,3rd Year,Male,80.64,6.9,77.52,80.63,1.88,86.07,2,85.34,0,3,1,0,14.93,0,6.55,Needs Attention,Medium Risk
STU0295,CSE,2nd Year,Male,86.2,8.38,58.14,100.0,2.98,85.65,8,74.74,3,0,3,2,55.39,3,6.58,Needs Attention,High Risk
STU0296,EEE,2nd Year,Male,70.87,8.67,83.51,78.56,3.8,54.23,6,58.74,2,2,1,1,47.21,1,6.79,Needs Attention,Medium Risk
STU0297,Civil,2nd Year,Male,88.31,7.73,56.47,66.8,3.37,73.76,12,33.2,0,3,0,0,5.0,1,6.64,Needs Attention,High Risk
STU0298,EEE,2nd Year,Male,82.15,6.43,88.61,85.79,2.39,72.67,4,72.17,1,3,0,0,53.68,1,5.91,Needs Attention,High Risk
STU0299,Civil,3rd Year,Female,59.27,8.55,70.74,73.21,5.19,62.68,3,68.27,1,3,2,0,74.66,2,5.94,Needs Attention,High Risk
STU0300,ECE,4th Year,Female,60.86,7.7,71.24,76.12,3.27,72.48,1,72.45,3,3,1,2,47.59,0,6.74,Needs Attention,High Risk
STU0301,Civil,3rd Year,Female,71.13,6.01,84.99,62.0,3.88,65.4,6,74.71,5,0,1,2,5.46,0,5.73,Needs Attention,High Risk
STU0302,CSE,2nd Year,Female,62.15,6.1,87.02,73.29,2.49,68.16,2,41.35,3,1,0,1,54.17,1,6.15,Needs Attention,High Risk
STU0303,ECE,3rd Year,Female,75.14,9.02,83.56,75.43,6.22,37.88,4,72.08,3,1,0,1,68.95,2,6.46,Needs Attention,High Risk
STU0304,CSE,4th Year,Male,65.84,8.85,59.69,73.2,2.8,46.64,4,78.37,1,0,0,2,29.95,0,6.01,Needs Attention,Medium Risk
STU0305,Mechanical,4th Year,Female,76.83,4.98,83.44,66.73,3.63,81.36,5,78.15,1,2,0,0,42.2,1,5.77,Needs Attention,High Risk
STU0306,CSE-AI,3rd Year,Female,94.94,6.14,59.78,79.04,5.36,40.79,4,42.44,2,3,0,2,39.6,0,5.74,Needs Attention,High Risk
STU0307,Civil,3rd Year,Female,77.41,8.64,83.82,62.07,4.0,74.4,5,85.78,1,1,0,0,48.79,0,7.1,Good Standing,Low Risk
STU0308,CSE-AI,3rd Year,Female,74.36,7.48,50.62,58.77,3.96,63.37,7,72.72,2,2,0,0,38.98,0,5.63,Needs Attention,High Risk
STU0309,CSE-AI,2nd Year,Female,82.66,8.2,70.59,84.93,0.5,85.61,6,75.0,2,0,0,1,73.37,0,7.09,Good Standing,Medium Risk
STU0310,Civil,3rd Year,Female,69.64,7.44,59.69,83.65,4.73,77.98,4,48.88,1,3,2,1,72.86,0,6.34,Needs Attention,High Risk
STU0311,ECE,3rd Year,Female,88.12,8.15,85.05,56.69,3.6,55.93,5,78.63,5,2,0,0,34.29,1,6.49,Needs Attention,Medium Risk
STU0312,Mechanical,3rd Year,Male,83.94,7.51,88.73,49.39,4.47,60.54,3,33.97,1,1,1,0,73.35,1,5.47,At Risk,High Risk
STU0313,CSE,4th Year,Male,78.47,7.06,74.98,60.88,3.83,25.29,1,49.73,1,3,1,1,13.4,2,5.65,Needs Attention,High Risk
STU0314,EEE,4th Year,Female,79.85,8.56,74.49,73.2,2.49,62.39,4,87.8,4,1,0,3,30.16,1,7.01,Good Standing,Medium Risk
STU0315,CSE,2nd Year,Male,100.0,7.7,82.56,91.16,5.11,39.6,5,77.75,1,2,0,1,58.85,0,6.83,Needs Attention,Medium Risk
STU0316,EEE,2nd Year,Male,89.31,8.15,88.82,72.86,3.86,60.63,6,70.25,0,2,0,3,48.15,1,5.93,Needs Attention,Medium Risk
STU0317,CSE,4th Year,Male,100.0,7.66,72.56,64.23,1.18,52.24,4,81.99,1,1,1,3,49.29,1,6.66,Needs Attention,High Risk
STU0318,Civil,4th Year,Male,84.38,7.01,64.5,77.08,5.86,47.47,5,83.24,3,3,1,1,53.97,1,6.05,Needs Attention,High Risk
STU0319,Mechanical,4th Year,Female,60.34,9.11,81.71,73.4,0.93,88.75,7,78.64,5,0,1,0,36.73,0,7.24,Good Standing,Low Risk
STU0320,EEE,3rd Year,Male,74.85,7.85,44.12,55.67,5.12,39.48,5,61.09,5,2,0,2,71.47,1,5.42,At Risk,High Risk
STU0321,ECE,3rd Year,Male,57.6,7.14,85.64,55.75,6.18,45.74,5,49.2,2,2,1,1,60.33,1,4.89,At Risk,High Risk
STU0322,CSE,4th Year,Male,84.34,8.78,61.35,56.13,1.51,51.04,9,53.06,4,3,1,0,44.4,0,6.69,Needs Attention,Medium Risk
STU0323,CSE,3rd Year,Female,86.94,6.18,68.4,100.0,3.28,55.38,3,90.39,1,1,1,3,65.0,0,5.93,Needs Attention,High Risk
STU0324,EEE,3rd Year,Female,67.37,9.74,85.74,87.04,3.11,47.46,5,42.04,3,2,2,1,55.6,1,6.72,Needs Attention,Medium Risk
STU0325,ECE,2nd Year,Female,70.13,7.32,65.77,66.69,3.19,57.82,3,73.83,3,1,0,0,41.64,0,6.52,Needs Attention,High Risk
STU0326,ECE,4th Year,Female,79.79,6.23,81.71,90.52,6.79,71.04,5,73.86,2,4,4,0,40.78,2,6.3,Needs Attention,High Risk
STU0327,Civil,4th Year,Female,63.62,9.41,89.08,67.05,1.53,78.4,4,91.43,2,2,0,1,23.51,0,7.21,Good Standing,Low Risk
STU0328,Civil,3rd Year,Female,62.72,7.04,73.65,90.05,2.95,77.43,3,73.81,1,3,2,0,34.25,0,5.98,Needs Attention,High Risk
STU0329,Civil,4th Year,Female,92.86,7.74,76.67,76.12,6.21,26.84,7,57.38,4,1,0,4,42.79,0,6.04,Needs Attention,Medium Risk
STU0330,Civil,2nd Year,Male,79.38,8.22,70.21,65.78,2.92,72.6,5,57.67,3,1,1,0,48.18,0,6.73,Needs Attention,Medium Risk
STU0331,Civil,2nd Year,Male,71.3,8.68,73.73,84.52,1.82,73.84,3,64.9,1,5,0,3,28.28,0,6.28,Needs Attention,Medium Risk
STU0332,Civil,2nd Year,Male,57.69,7.8,55.25,76.93,3.97,51.75,3,85.39,2,2,3,0,47.31,0,5.97,Needs Attention,High Risk
STU0333,Mechanical,4th Year,Female,88.23,6.85,67.59,80.58,4.95,98.35,6,79.52,1,2,0,1,35.66,0,6.8,Needs Attention,Medium Risk
STU0334,ECE,4th Year,Female,69.79,7.72,52.68,78.02,2.79,86.75,7,45.46,1,1,1,3,32.24,0,6.69,Needs Attention,High Risk
STU0335,Civil,4th Year,Female,100.0,7.08,58.52,77.87,4.5,61.34,7,70.02,0,2,0,0,56.86,0,6.58,Needs Attention,Medium Risk
STU0336,ECE,4th Year,Female,88.31,7.75,41.96,86.21,1.02,53.08,4,79.85,2,2,2,0,49.94,0,6.5,Needs Attention,Medium Risk
STU0337,ECE,4th Year,Female,68.3,9.13,75.96,100.0,1.12,98.03,4,60.73,1,1,0,1,43.81,0,7.12,Good Standing,Low Risk
STU0338,CSE-AI,2nd Year,Male,69.41,8.26,97.37,92.48,2.71,64.62,1,26.12,1,3,0,0,56.7,0,6.5,Needs Attention,Medium Risk
STU0339,Mechanical,3rd Year,Male,98.66,7.71,65.16,78.08,4.56,66.7,4,61.46,0,1,1,0,20.83,0,6.69,Needs Attention,Medium Risk
STU0340,Civil,2nd Year,Female,76.99,8.24,86.48,70.65,4.87,66.45,3,38.27,1,3,1,0,22.45,2,6.69,Needs Attention,High Risk
STU0341,CSE,4th Year,Female,71.84,8.31,88.89,72.19,1.37,100.0,2,35.42,0,1,1,2,38.4,1,7.22,Good Standing,Medium Risk
STU0342,EEE,2nd Year,Female,78.33,6.42,54.01,57.41,4.8,60.67,6,84.17,3,2,2,3,42.93,1,5.89,Needs Attention,High Risk
STU0343,CSE,4th Year,Female,71.79,7.54,57.24,84.3,3.8,64.53,2,100.0,2,0,3,1,60.29,1,5.46,At Risk,High Risk
STU0344,Mechanical,4th Year,Male,80.89,10.0,86.86,60.79,1.92,48.38,6,89.56,0,2,1,2,32.45,0,7.43,Good Standing,Low Risk
STU0345,EEE,2nd Year,Female,77.09,8.71,70.61,69.79,1.1,57.21,6,18.01,1,4,1,0,32.87,0,5.88,Needs Attention,Medium Risk
STU0346,Mechanical,4th Year,Female,88.51,7.0,52.64,84.38,3.91,44.37,6,61.89,2,0,0,0,66.78,1,5.75,Needs Attention,High Risk
STU0347,ECE,3rd Year,Female,73.34,6.9,62.45,71.68,5.82,48.79,6,54.39,2,1,1,0,23.34,0,5.98,Needs Attention,High Risk
STU0348,EEE,4th Year,Female,67.38,6.86,78.29,68.11,3.56,28.8,6,38.52,2,3,3,0,65.32,0,5.09,At Risk,High Risk
STU0349,ECE,3rd Year,Male,73.81,8.37,60.09,58.24,1.82,82.63,5,73.37,5,1,0,1,45.17,1,6.52,Needs Attention,High Risk
STU0350,CSE,3rd Year,Female,73.74,9.11,30.38,91.87,0.5,68.13,7,61.67,3,4,1,0,29.44,1,6.02,Needs Attention,High Risk
STU0351,CSE,4th Year,Female,77.07,8.08,67.17,63.33,6.25,69.78,7,44.05,3,0,2,2,23.08,1,6.11,Needs Attention,High Risk
STU0352,EEE,2nd Year,Male,85.61,7.66,68.39,66.8,5.38,63.95,9,27.99,5,2,0,0,41.26,0,6.77,Needs Attention,Medium Risk
STU0353,EEE,3rd Year,Male,84.96,7.06,72.14,49.92,4.04,66.44,5,54.04,1,2,1,2,58.05,3,5.44,At Risk,High Risk
STU0354,Civil,2nd Year,Male,92.4,7.83,90.88,74.72,6.16,97.38,4,65.14,0,1,0,3,44.73,0,7.08,Good Standing,Medium Risk
STU0355,Mechanical,3rd Year,Female,68.26,6.68,72.8,70.33,3.9,49.62,7,62.87,0,1,2,0,63.35,2,5.4,At Risk,High Risk
STU0356,Civil,4th Year,Female,82.66,5.56,75.64,77.55,2.54,70.57,5,84.13,6,4,1,0,62.77,0,6.31,Needs Attention,High Risk
STU0357,Mechanical,4th Year,Male,86.73,9.14,87.83,58.56,4.5,70.46,5,71.08,1,3,0,0,61.11,0,7.16,Good Standing,Low Risk
STU0358,Civil,3rd Year,Male,69.91,6.49,72.16,85.28,2.01,87.84,4,58.8,1,4,1,0,61.96,0,6.76,Needs Attention,High Risk
STU0359,ECE,4th Year,Male,75.51,7.18,100.0,49.25,1.71,73.77,9,50.29,2,1,2,0,34.33,0,6.3,Needs Attention,Medium Risk
STU0360,EEE,3rd Year,Male,57.0,8.16,53.04,73.71,4.89,74.78,5,33.12,2,3,4,1,60.63,2,6.2,Needs Attention,High Risk
STU0361,CSE,4th Year,Male,88.88,8.93,57.99,76.62,5.04,39.83,6,45.36,2,2,1,0,87.62,0,6.67,Needs Attention,Medium Risk
STU0362,Mechanical,2nd Year,Male,75.41,7.76,81.21,75.81,1.21,48.82,0,89.45,3,1,0,1,64.55,0,6.55,Needs Attention,Medium Risk
STU0363,Mechanical,4th Year,Female,87.68,6.31,90.81,77.21,1.27,41.66,6,80.56,3,2,2,1,37.25,1,5.62,Needs Attention,High Risk
STU0364,CSE,2nd Year,Female,80.47,7.2,68.99,86.04,2.7,15.48,8,70.2,1,0,1,3,33.4,2,5.88,Needs Attention,High Risk
STU0365,Civil,4th Year,Female,75.78,6.82,56.84,93.55,2.22,72.94,4,56.11,1,2,0,1,47.28,0,6.11,Needs Attention,High Risk
STU0366,Mechanical,2nd Year,Male,58.89,7.46,98.41,72.82,4.36,59.77,6,87.34,3,3,2,0,60.41,0,7.22,Good Standing,High Risk
STU0367,ECE,4th Year,Male,61.02,8.73,60.11,61.45,3.59,72.98,3,46.8,1,2,0,1,48.57,0,6.34,Needs Attention,Medium Risk
STU0368,EEE,2nd Year,Male,46.88,4.96,77.09,82.85,5.6,65.71,3,47.01,1,3,1,2,22.86,0,5.21,At Risk,High Risk
STU0369,CSE,3rd Year,Male,71.25,7.09,91.71,71.08,4.07,69.81,7,63.32,2,0,3,0,60.16,5,5.36,At Risk,High Risk
STU0370,EEE,3rd Year,Male,100.0,7.02,65.38,92.7,2.34,91.76,4,25.7,4,3,2,1,63.76,0,6.91,Needs Attention,Medium Risk
STU0371,Mechanical,2nd Year,Male,62.54,6.24,62.67,66.57,0.5,65.15,2,46.29,2,2,0,0,27.44,0,5.96,Needs Attention,High Risk
STU0372,Mechanical,4th Year,Female,46.42,8.09,63.69,62.99,3.82,78.38,1,60.75,0,2,2,2,64.22,0,6.14,Needs Attention,High Risk
STU0373,CSE,2nd Year,Female,89.55,6.09,85.52,77.01,0.5,58.96,7,56.7,4,3,0,1,47.43,0,6.37,Needs Attention,High Risk
STU0374,ECE,4th Year,Male,100.0,6.2,87.9,50.63,2.32,81.5,2,47.21,4,1,1,1,54.75,1,6.52,Needs Attention,High Risk
STU0375,CSE-AI,3rd Year,Female,81.58,8.35,72.51,68.46,2.2,40.21,5,100.0,2,6,1,2,55.09,0,6.37,Needs Attention,Medium Risk
STU0376,CSE,4th Year,Male,81.46,9.0,100.0,70.38,2.58,28.25,6,89.54,1,0,2,1,50.76,0,6.62,Needs Attention,Low Risk
STU0377,CSE-AI,3rd Year,Female,74.28,7.42,72.48,78.09,1.13,100.0,7,95.86,6,2,1,0,37.02,0,6.55,Needs Attention,Medium Risk
STU0378,Civil,4th Year,Male,56.47,6.28,91.38,61.05,2.19,100.0,5,63.22,3,2,1,1,55.0,0,6.44,Needs Attention,High Risk
STU0379,CSE-AI,4th Year,Male,60.59,6.79,65.52,62.69,5.56,26.09,5,56.21,0,1,2,0,45.92,0,5.51,Needs Attention,High Risk
STU0380,ECE,4th Year,Female,74.2,8.51,100.0,91.2,5.56,64.28,8,93.83,2,1,0,3,51.59,0,6.89,Needs Attention,Low Risk
STU0381,Civil,2nd Year,Female,71.9,7.62,95.55,74.81,6.26,68.0,5,66.53,2,1,0,0,39.54,0,6.42,Needs Attention,Medium Risk
STU0382,CSE-AI,2nd Year,Male,76.62,7.4,70.08,87.1,3.52,79.46,6,45.91,2,3,0,1,52.9,1,6.35,Needs Attention,High Risk
STU0383,Civil,3rd Year,Male,87.95,7.81,93.52,67.41,3.99,99.78,3,47.16,3,0,0,3,44.99,1,6.64,Needs Attention,Medium Risk
STU0384,CSE-AI,3rd Year,Female,71.02,7.46,92.76,74.24,5.59,43.77,9,59.16,3,5,1,2,24.95,0,6.6,Needs Attention,Medium Risk
STU0385,ECE,2nd Year,Female,88.2,9.05,95.3,78.0,0.85,44.85,5,64.6,1,0,0,1,55.74,1,7.42,Good Standing,Medium Risk
STU0386,CSE-AI,3rd Year,Male,71.1,6.75,34.77,99.47,4.95,64.98,5,66.47,3,2,0,1,66.61,0,5.79,Needs Attention,High Risk
STU0387,CSE-AI,2nd Year,Female,90.46,6.64,82.79,71.95,5.84,45.73,7,61.7,1,1,1,0,53.21,2,6.15,Needs Attention,High Risk
STU0388,CSE-AI,4th Year,Male,79.04,6.12,80.13,72.67,1.9,10.72,4,100.0,3,0,1,1,41.59,2,4.62,At Risk,High Risk
STU0389,CSE,3rd Year,Male,72.77,6.96,79.07,90.37,5.99,60.46,6,40.64,1,3,2,0,53.17,2,5.82,Needs Attention,High Risk
STU0390,CSE,3rd Year,Male,78.83,6.41,75.28,69.68,7.2,82.15,4,77.11,0,1,0,2,31.8,1,5.27,At Risk,High Risk
STU0391,CSE,2nd Year,Male,74.48,7.72,75.72,78.98,4.9,64.59,5,56.41,3,1,1,2,61.06,1,6.25,Needs Attention,High Risk
STU0392,ECE,3rd Year,Female,79.36,7.52,91.25,89.15,4.57,77.48,6,64.3,1,2,0,0,62.88,0,7.63,Good Standing,Medium Risk
STU0393,Civil,3rd Year,Female,87.1,6.42,80.09,66.94,1.48,74.62,2,81.93,5,2,1,2,44.5,3,6.49,Needs Attention,High Risk
STU0394,Mechanical,4th Year,Female,76.95,8.09,75.25,79.77,5.42,44.46,9,32.91,0,1,1,3,47.71,0,6.46,Needs Attention,Medium Risk
STU0395,CSE-AI,3rd Year,Female,73.57,9.02,89.09,99.44,1.65,66.36,2,47.97,3,2,3,1,25.0,1,7.26,Good Standing,Medium Risk
STU0396,CSE-AI,4th Year,Female,64.52,7.86,78.27,87.9,4.17,34.5,5,62.59,3,3,1,1,56.9,0,6.4,Needs Attention,High Risk
STU0397,ECE,2nd Year,Female,84.95,4.96,79.7,78.99,4.35,54.76,5,91.57,2,0,0,0,40.75,1,4.98,At Risk,High Risk
STU0398,CSE-AI,3rd Year,Female,82.18,9.49,100.0,71.86,0.5,66.01,2,91.48,2,2,3,1,5.0,0,7.65,Good Standing,Low Risk
STU0399,CSE,4th Year,Male,63.82,8.25,65.48,66.54,4.23,64.98,5,87.99,2,2,3,0,47.62,0,5.46,At Risk,Medium Risk
STU0400,Mechanical,2nd Year,Female,88.03,9.46,49.26,61.17,8.22,39.18,10,25.52,2,1,3,0,43.16,0,5.53,Needs Attention,Low Risk
STU0401,EEE,3rd Year,Female,63.62,8.59,73.09,96.13,0.5,43.22,2,46.1,1,1,2,0,25.16,0,6.35,Needs Attention,Medium Risk
STU0402,CSE-AI,2nd Year,Male,90.35,8.79,75.22,93.42,3.4,70.82,4,46.84,1,1,2,0,64.83,0,7.99,Good Standing,Low Risk
STU0403,CSE,3rd Year,Female,86.25,7.71,82.82,65.8,0.5,81.55,6,64.01,4,2,1,1,36.74,0,7.42,Good Standing,Medium Risk
STU0404,EEE,2nd Year,Female,83.04,7.24,73.61,79.73,1.89,60.86,7,31.65,0,3,1,2,30.78,1,6.61,Needs Attention,High Risk
STU0405,Mechanical,2nd Year,Male,73.48,7.87,83.33,76.56,0.5,59.86,7,84.76,4,0,1,2,67.46,1,6.32,Needs Attention,High Risk
STU0406,EEE,4th Year,Female,84.91,6.79,100.0,91.58,3.79,83.63,3,29.1,3,2,3,2,53.46,2,7.23,Good Standing,High Risk
STU0407,CSE,2nd Year,Female,90.92,7.93,84.02,80.36,4.93,49.56,6,83.59,1,4,3,2,25.84,1,6.53,Needs Attention,Medium Risk
STU0408,Civil,3rd Year,Female,85.11,4.87,86.66,74.68,4.24,99.54,9,80.68,1,0,0,1,45.15,0,5.57,Needs Attention,High Risk
STU0409,Civil,3rd Year,Male,69.96,7.54,70.06,67.42,1.83,38.09,6,45.3,4,2,1,3,29.71,2,5.45,At Risk,High Risk
STU0410,EEE,4th Year,Female,81.21,8.84,51.22,79.77,2.4,85.97,8,87.72,4,3,3,2,20.25,1,6.24,Needs Attention,Medium Risk
STU0411,ECE,3rd Year,Female,91.58,7.59,37.53,70.13,3.99,75.78,7,59.0,2,2,1,2,18.8,1,6.82,Needs Attention,High Risk
STU0412,EEE,3rd Year,Male,100.0,9.23,64.22,78.09,1.88,100.0,4,54.33,0,5,1,1,59.08,1,7.61,Good Standing,Low Risk
STU0413,CSE-AI,3rd Year,Female,75.54,7.24,33.29,73.94,1.11,42.58,3,57.41,0,1,2,0,29.52,2,4.71,At Risk,High Risk
STU0414,CSE-AI,2nd Year,Male,88.29,8.5,79.7,69.79,3.07,18.32,10,58.96,0,4,0,0,25.73,1,6.32,Needs Attention,Medium Risk
STU0415,Civil,2nd Year,Male,91.61,6.62,66.26,61.38,1.8,89.99,4,60.61,1,5,2,2,40.88,0,6.32,Needs Attention,High Risk
STU0416,ECE,3rd Year,Female,68.25,8.46,52.3,82.2,4.24,35.57,3,61.02,0,4,2,0,96.74,0,6.44,Needs Attention,High Risk
STU0417,CSE,4th Year,Male,99.38,7.73,73.96,75.6,5.84,77.32,10,48.97,1,2,0,2,54.74,0,7.65,Good Standing,Medium Risk
STU0418,CSE-AI,2nd Year,Male,65.22,7.28,60.92,100.0,8.18,88.64,12,53.15,3,2,2,1,61.82,0,6.79,Needs Attention,High Risk
STU0419,Civil,4th Year,Female,87.71,4.93,78.76,60.55,4.11,72.6,2,54.71,1,1,1,1,26.45,1,5.7,Needs Attention,High Risk
STU0420,Mechanical,3rd Year,Male,81.66,7.25,82.61,83.75,4.66,69.64,3,95.11,3,0,2,0,53.96,0,6.65,Needs Attention,Medium Risk
STU0421,Civil,3rd Year,Male,78.67,7.71,61.47,73.84,2.42,73.02,2,54.72,2,3,1,0,45.31,2,6.11,Needs Attention,High Risk
STU0422,CSE-AI,2nd Year,Female,100.0,8.33,68.44,100.0,2.53,81.75,8,53.56,4,2,3,0,31.33,1,7.29,Good Standing,Medium Risk
STU0423,CSE-AI,3rd Year,Female,74.38,9.06,75.22,82.69,5.81,76.74,3,92.29,5,2,0,3,41.05,0,7.23,Good Standing,Low Risk
STU0424,Civil,2nd Year,Female,74.19,9.54,50.89,79.55,3.0,40.67,7,59.2,1,2,1,2,32.55,0,6.41,Needs Attention,Low Risk
STU0425,CSE,3rd Year,Male,93.98,8.75,75.22,73.88,3.63,100.0,5,48.98,2,2,1,1,48.04,1,7.09,Good Standing,Medium Risk
STU0426,EEE,3rd Year,Female,87.14,6.94,50.53,65.16,5.7,66.02,6,45.07,0,0,0,1,41.07,0,5.38,At Risk,High Risk
STU0427,CSE-AI,2nd Year,Male,93.39,7.2,80.49,79.36,3.02,75.37,2,39.44,2,0,2,1,32.6,1,6.45,Needs Attention,High Risk
STU0428,Civil,2nd Year,Male,79.4,8.24,65.47,55.65,6.2,79.22,4,74.74,0,1,1,0,40.47,2,5.64,Needs Attention,High Risk
STU0429,Civil,2nd Year,Male,81.8,8.02,50.45,56.29,4.53,88.12,9,32.52,2,1,2,1,62.73,1,5.88,Needs Attention,High Risk
STU0430,ECE,3rd Year,Male,100.0,9.13,63.3,89.17,4.32,86.04,7,89.23,2,5,0,0,22.26,1,7.45,Good Standing,Low Risk
STU0431,EEE,3rd Year,Male,67.97,9.98,63.93,50.33,2.33,67.63,4,63.36,0,0,0,1,34.4,2,6.38,Needs Attention,Medium Risk
STU0432,Mechanical,4th Year,Male,76.77,9.77,88.03,70.53,4.42,66.35,3,57.13,3,3,1,1,51.85,3,7.02,Good Standing,High Risk
STU0433,CSE,2nd Year,Male,87.58,8.99,74.6,60.31,2.73,73.17,1,60.89,2,2,0,1,33.23,1,7.03,Good Standing,Medium Risk
STU0434,Mechanical,3rd Year,Female,75.65,8.03,57.66,69.37,4.34,87.0,5,73.34,1,2,0,0,70.32,2,6.21,Needs Attention,High Risk
STU0435,EEE,3rd Year,Female,71.16,8.85,96.74,77.58,3.32,42.75,2,56.54,3,0,2,1,68.13,1,7.27,Good Standing,Medium Risk
STU0436,EEE,2nd Year,Male,85.42,9.16,81.4,88.78,5.24,77.88,7,61.55,0,2,1,0,69.2,0,7.92,Good Standing,Low Risk
STU0437,EEE,4th Year,Male,94.03,7.35,66.96,92.05,3.44,47.27,6,83.96,4,3,2,0,58.12,0,6.39,Needs Attention,Medium Risk
STU0438,Mechanical,2nd Year,Female,76.31,6.97,48.69,62.13,7.17,100.0,4,71.24,1,2,1,1,64.54,1,6.12,Needs Attention,High Risk
STU0439,EEE,4th Year,Male,75.98,6.73,65.63,68.48,3.0,72.35,6,42.5,0,1,1,2,45.48,1,5.64,Needs Attention,High Risk
STU0440,Civil,3rd Year,Female,70.23,6.62,68.69,100.0,2.54,56.68,4,52.26,5,2,5,1,33.69,0,5.56,Needs Attention,High Risk
STU0441,Mechanical,4th Year,Female,74.45,6.12,77.54,71.5,4.12,73.57,4,32.93,5,7,2,1,34.85,0,6.49,Needs Attention,High Risk
STU0442,EEE,3rd Year,Female,91.0,7.75,81.11,62.65,5.44,65.18,5,76.07,2,0,0,1,13.98,0,6.45,Needs Attention,Medium Risk
STU0443,Civil,2nd Year,Male,78.97,6.5,84.1,64.98,5.43,61.8,4,78.0,1,6,1,0,38.01,0,5.97,Needs Attention,High Risk
STU0444,ECE,2nd Year,Male,68.34,6.72,47.83,71.58,3.8,28.82,6,48.18,1,4,1,1,39.2,1,4.87,At Risk,High Risk
STU0445,EEE,2nd Year,Female,81.15,8.2,75.13,69.5,4.11,44.52,9,100.0,0,1,1,0,41.59,0,6.07,Needs Attention,Medium Risk
STU0446,Mechanical,4th Year,Female,90.61,7.68,69.61,71.72,4.11,62.19,4,100.0,2,0,1,0,95.45,1,6.81,Needs Attention,High Risk
STU0447,CSE-AI,3rd Year,Female,71.26,7.93,100.0,74.7,1.56,31.23,3,65.41,2,2,1,0,30.49,2,5.77,Needs Attention,High Risk
STU0448,EEE,2nd Year,Female,62.06,8.87,72.97,74.6,5.34,53.26,6,50.65,1,1,3,0,40.61,1,6.22,Needs Attention,Medium Risk
STU0449,CSE-AI,2nd Year,Female,100.0,8.36,62.66,61.62,1.24,55.0,5,69.93,1,0,1,0,88.09,0,5.8,Needs Attention,Medium Risk
STU0450,Civil,3rd Year,Male,61.46,9.02,73.66,80.17,1.56,49.41,6,50.22,2,1,1,0,31.24,0,6.27,Needs Attention,Medium Risk
STU0451,ECE,2nd Year,Female,73.69,7.58,71.87,76.69,3.6,80.45,2,82.1,2,6,2,1,24.41,0,6.22,Needs Attention,Medium Risk
STU0452,CSE,3rd Year,Male,80.79,9.11,42.16,81.95,2.92,47.4,3,67.99,0,1,2,1,41.18,0,6.48,Needs Attention,Medium Risk
STU0453,ECE,3rd Year,Female,74.73,7.86,78.12,51.0,4.93,66.77,1,69.29,0,1,0,1,31.18,1,5.54,Needs Attention,High Risk
STU0454,EEE,3rd Year,Male,77.1,7.67,67.34,77.2,4.31,57.94,5,96.66,1,3,2,2,66.85,1,6.59,Needs Attention,High Risk
STU0455,CSE-AI,3rd Year,Male,84.92,8.96,71.6,47.2,3.75,62.62,7,53.86,1,3,1,0,48.01,0,6.2,Needs Attention,Low Risk
STU0456,CSE-AI,3rd Year,Male,49.3,6.63,58.9,72.54,1.47,97.13,3,54.58,1,0,1,2,23.13,0,5.27,At Risk,High Risk
STU0457,Mechanical,4th Year,Male,62.8,9.52,55.59,84.21,3.55,68.59,3,80.45,1,1,1,1,51.39,0,6.86,Needs Attention,Medium Risk
STU0458,CSE-AI,2nd Year,Male,78.53,7.22,85.18,89.64,3.41,72.46,8,57.4,2,0,5,1,48.88,1,7.09,Good Standing,High Risk
STU0459,Mechanical,4th Year,Male,73.15,6.28,88.63,79.68,3.9,49.69,3,93.87,4,0,1,0,17.54,1,5.72,Needs Attention,High Risk
STU0460,Civil,2nd Year,Female,79.55,8.15,78.27,84.46,2.73,77.52,1,83.01,1,3,0,0,53.92,1,6.95,Needs Attention,Medium Risk
STU0461,CSE,4th Year,Male,80.73,7.12,44.84,70.81,4.44,76.68,5,58.32,2,3,1,0,54.99,1,5.43,At Risk,High Risk
STU0462,EEE,3rd Year,Female,52.61,9.53,79.25,67.87,2.88,74.75,12,32.39,4,1,2,2,18.08,0,6.7,Needs Attention,Low Risk
STU0463,Mechanical,2nd Year,Male,93.28,7.07,45.06,100.0,4.27,40.82,4,38.86,1,1,3,1,20.77,0,5.97,Needs Attention,High Risk
STU0464,CSE,2nd Year,Male,72.02,7.81,62.08,86.58,4.93,53.3,6,56.33,3,3,1,1,38.0,2,5.71,Needs Attention,High Risk
STU0465,CSE-AI,4th Year,Female,67.61,6.07,84.98,58.58,2.54,93.67,3,72.28,0,3,1,2,32.56,1,6.25,Needs Attention,High Risk
STU0466,CSE-AI,4th Year,Male,80.5,8.31,81.86,50.71,2.11,51.25,6,84.84,1,2,1,0,56.93,1,6.5,Needs Attention,Medium Risk
STU0467,CSE,2nd Year,Female,79.29,6.72,78.85,68.49,4.36,96.4,8,61.09,3,3,2,1,36.35,0,6.35,Needs Attention,High Risk
STU0468,CSE-AI,4th Year,Female,92.36,8.19,91.69,91.69,1.12,54.07,7,49.0,0,1,2,0,41.48,1,6.04,Needs Attention,Medium Risk
STU0469,Civil,4th Year,Female,81.26,7.07,80.4,75.68,5.5,67.96,5,62.47,1,2,0,1,23.83,0,6.17,Needs Attention,Medium Risk
STU0470,Civil,4th Year,Female,91.9,5.45,41.71,43.86,3.52,61.26,3,65.37,6,4,0,0,63.97,1,5.48,At Risk,High Risk
STU0471,CSE,3rd Year,Male,66.74,7.63,66.46,72.52,3.29,48.1,5,88.49,2,0,0,0,29.81,0,5.85,Needs Attention,High Risk
STU0472,Mechanical,3rd Year,Male,79.7,7.59,71.38,74.97,4.48,48.39,11,87.49,1,2,0,0,24.36,0,6.6,Needs Attention,Medium Risk
STU0473,Mechanical,4th Year,Female,64.62,8.38,69.62,41.18,4.37,50.92,3,46.97,3,2,1,0,46.03,2,6.25,Needs Attention,High Risk
STU0474,CSE,4th Year,Male,79.17,9.06,62.74,75.34,3.51,67.96,16,73.17,2,4,3,1,66.47,1,6.9,Needs Attention,Medium Risk
STU0475,Mechanical,3rd Year,Male,76.63,9.41,56.55,60.81,5.08,82.81,5,49.63,3,2,0,1,54.06,2,6.91,Needs Attention,High Risk
STU0476,Mechanical,3rd Year,Female,76.11,8.36,100.0,49.3,2.29,66.66,0,50.14,4,4,1,1,33.71,0,6.75,Needs Attention,Low Risk
STU0477,Civil,2nd Year,Male,76.22,7.78,66.17,97.46,4.78,64.33,5,83.7,1,2,2,0,36.9,0,6.94,Needs Attention,Medium Risk
STU0478,Mechanical,2nd Year,Female,86.84,6.07,100.0,60.19,1.56,89.21,5,61.41,2,1,1,0,18.01,2,6.12,Needs Attention,High Risk
STU0479,ECE,3rd Year,Female,58.71,7.7,54.88,65.66,4.42,65.83,3,76.52,1,1,1,0,83.5,2,5.07,At Risk,High Risk
STU0480,EEE,4th Year,Male,67.2,7.71,81.86,65.47,2.91,54.14,1,74.63,1,0,0,1,76.03,1,6.61,Needs Attention,High Risk
STU0481,CSE-AI,4th Year,Male,77.51,7.3,75.44,75.03,1.14,45.05,4,63.57,1,1,1,1,50.77,1,5.87,Needs Attention,High Risk
STU0482,ECE,4th Year,Male,63.86,8.13,58.17,99.73,3.96,90.41,5,70.99,3,4,3,2,44.76,2,6.21,Needs Attention,High Risk
STU0483,Mechanical,4th Year,Female,78.55,8.62,64.99,58.25,3.44,58.41,2,68.67,5,2,1,3,22.48,0,6.69,Needs Attention,Medium Risk
STU0484,Civil,2nd Year,Female,77.39,6.68,71.77,70.7,0.72,53.43,4,44.29,2,0,1,3,42.08,2,5.12,At Risk,High Risk
STU0485,CSE,3rd Year,Male,61.15,6.67,59.34,76.69,0.5,51.7,7,73.77,3,2,2,3,62.82,0,5.03,At Risk,High Risk
STU0486,Mechanical,4th Year,Male,60.56,7.36,68.16,62.84,3.23,89.28,4,52.29,1,3,1,1,59.59,1,5.85,Needs Attention,High Risk
STU0487,Civil,2nd Year,Male,46.51,6.88,36.53,70.48,6.41,53.54,6,45.76,2,2,0,0,35.99,0,4.49,At Risk,High Risk
STU0488,EEE,4th Year,Male,63.35,5.86,82.67,83.32,4.08,84.81,6,80.38,2,1,0,4,61.01,0,5.75,Needs Attention,High Risk
STU0489,Mechanical,3rd Year,Female,78.17,6.5,90.41,64.42,2.3,60.39,7,54.36,4,3,2,1,68.14,1,5.56,Needs Attention,High Risk
STU0490,CSE,2nd Year,Male,79.87,6.27,78.82,70.26,5.45,40.83,8,84.99,5,3,1,2,45.69,2,5.93,Needs Attention,High Risk
STU0491,Civil,3rd Year,Female,80.42,8.71,100.0,68.96,5.13,58.35,4,84.77,2,3,0,0,64.64,1,7.54,Good Standing,Medium Risk
STU0492,Civil,3rd Year,Female,68.66,9.2,82.23,73.55,5.79,64.34,6,56.42,4,1,2,1,78.01,1,6.26,Needs Attention,Medium Risk
STU0493,Civil,2nd Year,Male,77.78,6.4,89.14,78.4,4.73,62.7,5,84.23,2,2,1,0,83.31,1,6.75,Needs Attention,High Risk
STU0494,EEE,2nd Year,Male,82.77,8.05,90.58,83.21,5.09,62.2,6,57.99,0,1,1,1,32.99,0,7.14,Good Standing,Medium Risk
STU0495,Mechanical,2nd Year,Male,62.78,8.37,30.73,100.0,4.82,58.56,4,63.77,1,0,0,1,53.87,0,5.95,Needs Attention,High Risk
STU0496,EEE,2nd Year,Female,79.48,6.01,78.36,37.78,2.64,49.3,2,73.89,4,0,0,1,59.07,0,4.82,At Risk,High Risk
STU0497,CSE-AI,2nd Year,Male,85.88,7.66,51.26,72.66,0.55,65.21,2,100.0,2,3,0,0,44.62,1,5.49,At Risk,High Risk
STU0498,CSE-AI,2nd Year,Male,72.11,10.0,54.29,55.9,2.56,75.82,10,81.94,2,4,0,0,69.87,1,6.64,Needs Attention,Medium Risk
STU0499,Mechanical,2nd Year,Female,90.75,8.18,56.9,69.6,5.49,35.75,2,63.96,3,4,0,1,46.12,0,6.25,Needs Attention,Medium Risk
STU0500,EEE,4th Year,Male,72.39,7.25,67.31,87.33,2.81,90.98,4,66.86,5,2,0,0,41.94,1,6.32,Needs Attention,High Risk
STU0501,CSE,3rd Year,Female,67.68,6.94,81.76,91.77,3.24,5.0,8,36.5,1,1,1,0,18.71,1,5.55,Needs Attention,High Risk
STU0502,Civil,2nd Year,Male,84.68,5.48,78.51,92.43,1.4,66.5,3,83.09,0,2,0,2,11.2,1,5.62,Needs Attention,High Risk
STU0503,Civil,4th Year,Female,100.0,7.97,71.81,92.29,2.51,74.32,12,81.15,0,2,0,0,38.0,0,6.97,Needs Attention,Medium Risk
STU0504,Mechanical,4th Year,Male,79.02,9.45,82.84,72.56,3.48,52.93,2,70.1,2,0,0,1,5.0,0,7.06,Good Standing,Low Risk
STU0505,CSE-AI,4th Year,Male,85.62,6.69,83.75,94.58,4.39,22.48,3,77.92,1,3,1,0,69.89,0,6.98,Needs Attention,High Risk
STU0506,CSE-AI,3rd Year,Female,71.9,5.56,78.64,97.36,2.67,63.07,7,28.55,4,1,2,0,62.77,2,4.76,At Risk,High Risk
STU0507,Civil,2nd Year,Female,63.1,6.84,46.13,76.94,2.55,68.39,3,45.53,1,1,1,2,58.8,2,5.28,At Risk,High Risk
STU0508,Mechanical,4th Year,Male,80.0,8.38,60.91,91.48,5.02,42.03,6,97.43,0,1,1,0,67.26,1,6.19,Needs Attention,High Risk
STU0509,EEE,3rd Year,Female,81.89,7.07,72.39,75.58,4.09,48.4,4,60.36,2,2,1,2,39.49,1,5.97,Needs Attention,High Risk
STU0510,CSE-AI,3rd Year,Female,73.71,6.68,83.0,94.74,4.31,84.25,4,78.63,2,2,0,0,49.43,1,6.52,Needs Attention,High Risk
STU0511,EEE,3rd Year,Female,85.57,7.52,52.07,72.74,6.25,67.35,0,51.56,0,2,3,1,37.58,1,6.68,Needs Attention,High Risk
STU0512,CSE-AI,4th Year,Female,70.15,7.73,71.83,66.47,2.59,34.83,9,57.04,5,2,0,1,67.18,0,6.08,Needs Attention,High Risk
STU0513,CSE-AI,2nd Year,Male,67.17,6.11,48.52,59.32,3.41,74.0,5,98.38,5,1,0,0,5.0,1,4.73,At Risk,High Risk
STU0514,ECE,4th Year,Male,90.73,7.28,87.39,72.57,4.49,46.39,1,62.17,1,3,4,2,67.18,2,6.27,Needs Attention,High Risk
STU0515,CSE-AI,4th Year,Female,90.78,7.0,75.64,76.18,1.93,49.5,5,74.42,3,2,3,0,8.58,0,6.31,Needs Attention,Medium Risk
STU0516,CSE,2nd Year,Female,70.39,6.86,51.81,61.76,3.91,68.95,3,67.35,3,0,2,2,40.88,0,5.35,At Risk,High Risk
STU0517,Mechanical,2nd Year,Female,98.63,6.48,51.71,71.5,3.54,67.09,3,69.44,2,0,1,1,24.01,0,6.01,Needs Attention,High Risk
STU0518,Mechanical,2nd Year,Female,74.55,8.44,77.81,67.63,8.5,56.95,7,68.82,3,3,4,1,42.28,1,6.46,Needs Attention,Medium Risk
STU0519,EEE,3rd Year,Male,79.02,6.86,92.62,59.92,3.68,54.92,9,29.4,1,1,0,2,33.94,0,6.06,Needs Attention,High Risk
STU0520,CSE-AI,2nd Year,Male,76.98,5.51,55.55,89.5,5.58,59.98,5,73.59,1,2,1,0,37.3,1,5.29,At Risk,High Risk
STU0521,CSE,4th Year,Female,84.29,7.76,83.8,91.97,4.99,49.39,5,55.32,1,2,1,0,55.95,0,6.26,Needs Attention,Medium Risk
STU0522,EEE,2nd Year,Female,81.26,8.23,63.87,89.44,1.42,86.78,4,97.03,4,1,2,1,49.5,1,6.99,Needs Attention,High Risk
STU0523,ECE,4th Year,Female,81.1,6.7,84.35,73.82,0.71,33.62,2,51.09,1,3,1,2,64.98,1,5.73,Needs Attention,High Risk
STU0524,EEE,3rd Year,Male,65.77,6.94,82.25,74.69,3.94,60.18,6,56.51,0,1,3,0,53.37,0,6.04,Needs Attention,High Risk
STU0525,EEE,4th Year,Female,57.74,6.85,74.33,60.12,5.76,35.81,8,100.0,0,2,1,1,13.22,1,4.97,At Risk,High Risk
STU0526,CSE-AI,4th Year,Male,91.71,7.15,44.48,80.8,4.02,83.72,6,78.02,2,5,1,1,92.03,0,5.9,Needs Attention,High Risk
STU0527,ECE,2nd Year,Female,71.45,8.61,82.22,77.37,3.64,60.15,4,47.3,2,3,0,0,5.29,1,6.6,Needs Attention,Medium Risk
STU0528,EEE,2nd Year,Male,77.41,7.39,79.53,100.0,2.99,43.87,7,68.18,1,4,2,3,51.29,0,6.47,Needs Attention,High Risk
STU0529,CSE,4th Year,Female,81.92,8.34,78.16,90.22,1.12,78.7,7,43.03,1,4,0,1,59.72,0,6.94,Needs Attention,Medium Risk
STU0530,CSE,2nd Year,Male,97.55,6.53,74.94,79.41,1.77,19.16,5,69.64,2,1,1,1,50.85,1,5.75,Needs Attention,High Risk
STU0531,Mechanical,3rd Year,Female,79.94,7.12,58.82,74.42,0.58,70.62,6,50.52,1,0,2,1,41.0,1,5.07,At Risk,High Risk
STU0532,ECE,3rd Year,Female,73.26,8.45,88.24,89.02,1.51,88.03,5,98.57,1,2,3,1,74.73,0,7.82,Good Standing,Medium Risk
STU0533,ECE,2nd Year,Female,71.72,6.69,85.47,62.18,2.55,68.59,5,72.58,1,2,1,1,67.46,1,5.58,Needs Attention,High Risk
STU0534,Mechanical,3rd Year,Male,77.55,8.51,55.87,90.95,4.9,54.87,8,74.5,2,0,1,2,44.57,0,6.03,Needs Attention,Medium Risk
STU0535,EEE,2nd Year,Female,67.09,6.87,91.71,59.78,2.7,40.16,7,82.1,1,3,0,0,36.02,2,5.98,Needs Attention,High Risk
STU0536,ECE,4th Year,Male,78.35,7.18,73.98,67.14,3.96,86.65,4,84.11,2,2,2,1,28.65,0,6.03,Needs Attention,Medium Risk
STU0537,CSE,4th Year,Male,77.38,9.17,73.94,49.27,3.74,83.55,3,52.6,1,2,1,2,30.25,0,6.95,Needs Attention,Low Risk
STU0538,CSE,3rd Year,Female,97.7,7.06,69.35,83.6,4.4,52.09,6,66.71,2,2,1,1,43.8,3,5.55,Needs Attention,High Risk
STU0539,CSE-AI,2nd Year,Female,77.0,7.65,70.83,78.5,1.64,52.63,4,56.98,2,2,0,1,11.88,0,6.22,Needs Attention,Medium Risk
STU0540,ECE,2nd Year,Female,54.91,8.12,92.56,67.14,5.41,88.74,8,100.0,0,1,2,0,44.87,0,6.49,Needs Attention,Medium Risk
STU0541,EEE,3rd Year,Male,100.0,7.73,87.5,61.99,0.97,75.63,4,23.87,4,2,3,1,61.06,0,6.71,Needs Attention,Medium Risk
STU0542,Mechanical,4th Year,Female,89.48,7.76,87.18,94.3,2.69,29.27,4,54.65,5,1,0,1,33.74,1,6.89,Needs Attention,High Risk
STU0543,Mechanical,3rd Year,Male,100.0,7.44,74.77,73.13,3.46,61.09,12,63.56,1,1,0,1,44.54,2,6.76,Needs Attention,High Risk
STU0544,EEE,4th Year,Male,64.11,6.2,85.34,64.26,4.87,60.35,3,67.46,4,0,3,0,51.15,1,5.28,At Risk,High Risk
STU0545,Civil,2nd Year,Female,75.34,7.85,59.49,100.0,5.98,69.95,4,67.1,3,5,3,0,54.69,0,6.73,Needs Attention,Medium Risk
STU0546,CSE-AI,4th Year,Female,86.09,6.77,80.75,65.8,4.88,65.12,4,64.17,3,2,0,0,41.0,0,5.83,Needs Attention,High Risk
STU0547,Mechanical,3rd Year,Female,84.44,8.28,69.7,90.94,6.05,54.75,4,62.08,1,4,0,2,80.21,0,6.76,Needs Attention,Medium Risk
STU0548,ECE,2nd Year,Female,81.68,8.87,41.1,58.89,2.01,68.57,3,69.34,1,1,1,0,45.07,0,6.5,Needs Attention,Medium Risk
STU0549,CSE-AI,3rd Year,Female,51.6,5.69,48.21,70.03,5.64,56.04,3,73.31,2,2,0,0,18.41,1,4.77,At Risk,High Risk
STU0550,ECE,3rd Year,Female,57.45,8.87,62.06,82.03,5.33,100.0,6,97.23,1,3,0,2,37.29,0,6.62,Needs Attention,Medium Risk
STU0551,CSE,4th Year,Male,96.21,7.09,78.23,74.19,0.5,67.45,6,97.07,2,2,0,0,70.96,3,5.98,Needs Attention,High Risk
STU0552,CSE-AI,3rd Year,Male,98.34,7.37,62.07,78.41,3.1,64.71,5,70.42,2,1,0,2,69.39,0,6.22,Needs Attention,Medium Risk
STU0553,Mechanical,4th Year,Male,76.72,6.59,63.13,67.46,4.58,100.0,6,56.08,2,4,0,1,10.6,2,5.93,Needs Attention,High Risk
STU0554,CSE-AI,2nd Year,Female,94.69,7.69,83.45,52.63,2.57,37.71,4,57.34,1,1,1,2,39.05,1,5.89,Needs Attention,High Risk
STU0555,CSE-AI,4th Year,Male,65.72,7.57,63.67,95.52,1.55,62.8,6,41.35,1,1,1,1,34.45,1,6.09,Needs Attention,High Risk
STU0556,CSE-AI,2nd Year,Male,68.47,8.58,91.96,68.31,7.31,46.01,5,82.16,3,3,2,0,60.58,1,6.11,Needs Attention,Medium Risk
STU0557,Civil,4th Year,Male,64.77,6.76,89.48,79.05,3.7,77.7,4,64.19,0,1,1,1,22.24,0,5.28,At Risk,High Risk
STU0558,CSE-AI,3rd Year,Male,67.8,9.16,72.33,84.83,3.75,55.11,3,72.87,1,2,0,2,76.2,0,7.06,Good Standing,Medium Risk
STU0559,ECE,4th Year,Male,86.67,8.16,83.3,79.32,1.14,76.6,3,71.01,3,2,4,2,15.6,2,6.79,Needs Attention,High Risk
STU0560,CSE,4th Year,Female,67.65,7.59,81.26,65.08,2.4,75.16,5,52.44,1,0,1,0,42.2,2,5.99,Needs Attention,High Risk
STU0561,EEE,2nd Year,Female,100.0,7.32,68.32,91.24,1.88,80.61,2,50.22,4,4,1,4,20.9,1,6.64,Needs Attention,High Risk
STU0562,CSE-AI,3rd Year,Male,83.52,7.19,84.92,82.19,5.44,75.49,3,56.85,1,1,1,1,58.14,0,6.45,Needs Attention,Medium Risk
STU0563,Mechanical,4th Year,Male,91.01,7.26,87.13,77.78,4.41,60.52,3,73.74,4,1,3,0,5.0,2,6.09,Needs Attention,High Risk
STU0564,CSE-AI,3rd Year,Male,83.88,7.67,57.71,77.46,2.47,37.05,3,63.55,2,1,0,0,41.57,0,6.39,Needs Attention,Medium Risk
STU0565,Mechanical,4th Year,Female,92.57,7.29,74.3,98.55,4.51,85.18,8,33.22,2,2,0,0,41.18,1,6.65,Needs Attention,High Risk
STU0566,ECE,4th Year,Female,67.58,6.86,74.14,64.78,3.04,93.18,3,46.57,3,3,0,1,27.08,3,5.29,At Risk,High Risk
STU0567,Mechanical,3rd Year,Male,95.36,7.67,84.74,80.81,3.92,46.24,4,60.19,1,1,1,0,69.37,0,6.85,Needs Attention,Medium Risk
STU0568,EEE,4th Year,Female,79.69,6.66,65.34,67.6,3.91,79.72,9,64.45,1,1,1,0,79.07,1,6.16,Needs Attention,High Risk
STU0569,CSE,3rd Year,Female,92.51,7.82,63.03,47.89,4.26,41.59,5,74.28,3,1,1,1,36.94,1,5.83,Needs Attention,High Risk
STU0570,Mechanical,4th Year,Male,60.73,7.28,74.53,47.52,4.04,69.07,5,65.71,2,1,1,1,47.59,0,6.3,Needs Attention,High Risk
STU0571,Mechanical,2nd Year,Female,80.17,8.2,89.72,60.8,4.26,73.19,4,58.47,4,1,1,1,32.65,2,6.68,Needs Attention,High Risk
STU0572,CSE,3rd Year,Female,79.74,8.49,54.01,65.78,5.76,56.48,4,57.85,2,6,2,1,19.74,2,6.15,Needs Attention,High Risk
STU0573,EEE,4th Year,Male,70.57,8.49,56.63,100.0,4.65,66.9,1,68.63,5,1,0,0,22.65,0,6.68,Needs Attention,Medium Risk
STU0574,CSE-AI,4th Year,Female,81.76,7.82,64.19,84.78,2.89,81.96,2,72.52,0,4,0,3,23.17,0,6.9,Needs Attention,Medium Risk
STU0575,Mechanical,2nd Year,Female,96.48,7.93,66.86,86.04,3.32,62.81,7,59.06,3,3,0,2,69.98,1,7.03,Good Standing,High Risk
STU0576,CSE,3rd Year,Male,69.65,7.18,45.52,66.08,5.71,51.5,4,45.6,1,3,1,0,53.6,0,5.67,Needs Attention,High Risk
STU0577,ECE,4th Year,Female,89.54,8.18,94.47,75.86,3.7,40.52,5,63.23,2,2,0,1,25.94,0,6.98,Needs Attention,Low Risk
STU0578,CSE,2nd Year,Female,64.47,8.29,70.05,100.0,2.83,57.18,6,53.3,2,1,2,0,27.72,0,6.57,Needs Attention,Medium Risk
STU0579,ECE,4th Year,Male,100.0,5.93,67.8,58.0,2.36,41.51,6,70.18,2,1,2,0,25.06,1,5.75,Needs Attention,High Risk
STU0580,EEE,3rd Year,Male,87.42,7.88,96.34,81.39,3.99,57.45,6,91.65,3,2,2,0,7.43,0,6.85,Needs Attention,Medium Risk
STU0581,CSE-AI,4th Year,Male,98.7,8.87,82.77,97.56,1.96,55.7,5,40.67,0,3,3,0,55.38,1,6.7,Needs Attention,Medium Risk
STU0582,CSE,4th Year,Female,86.06,7.14,63.97,88.52,5.81,81.08,7,85.71,2,0,3,0,42.45,0,6.52,Needs Attention,Medium Risk
STU0583,Civil,4th Year,Male,82.69,6.93,74.47,100.0,1.63,66.47,7,73.44,0,0,0,0,79.2,1,5.79,Needs Attention,High Risk
STU0584,Mechanical,4th Year,Female,87.52,7.08,71.37,77.98,6.16,100.0,5,84.85,2,3,0,1,5.0,0,6.32,Needs Attention,Medium Risk
STU0585,EEE,2nd Year,Male,76.36,6.0,93.73,83.45,2.99,24.73,3,57.16,2,3,0,3,61.96,1,6.22,Needs Attention,High Risk
STU0586,CSE,2nd Year,Female,58.59,7.63,69.49,76.54,1.56,71.27,10,38.97,2,1,0,0,63.74,4,4.29,At Risk,High Risk
STU0587,Mechanical,3rd Year,Male,83.37,7.53,50.37,82.47,3.84,55.97,3,68.23,0,2,3,2,66.37,2,5.91,Needs Attention,High Risk
STU0588,CSE,2nd Year,Male,68.93,7.7,43.84,62.19,1.78,45.88,8,90.19,1,2,3,1,49.91,0,5.11,At Risk,High Risk
STU0589,ECE,2nd Year,Male,64.78,7.92,94.13,86.09,3.56,64.4,4,45.91,2,3,1,1,63.45,0,6.45,Needs Attention,Medium Risk
STU0590,CSE,3rd Year,Male,85.64,6.7,60.17,79.12,2.46,62.91,3,48.61,2,0,0,1,51.12,3,5.62,Needs Attention,High Risk
STU0591,Civil,2nd Year,Female,74.65,7.77,82.05,75.88,5.2,86.56,7,75.57,3,1,1,1,30.03,0,7.61,Good Standing,Medium Risk
STU0592,CSE,2nd Year,Male,90.33,7.94,73.08,99.45,3.75,66.83,5,55.78,1,2,1,3,36.98,0,7.19,Good Standing,Medium Risk
STU0593,CSE,3rd Year,Male,68.53,7.01,65.75,71.28,1.36,51.14,7,94.99,0,3,1,1,36.44,3,4.94,At Risk,High Risk
STU0594,Civil,3rd Year,Female,72.35,7.92,68.1,91.91,2.43,71.68,10,76.74,1,2,1,1,68.28,0,6.48,Needs Attention,Medium Risk
STU0595,EEE,3rd Year,Male,91.8,7.58,95.75,93.3,4.77,60.41,2,52.05,3,4,2,2,70.59,0,7.04,Good Standing,Medium Risk
STU0596,CSE,4th Year,Female,81.36,6.87,50.28,86.98,5.82,42.49,6,54.84,1,1,0,1,61.29,0,4.92,At Risk,High Risk
STU0597,Civil,4th Year,Male,60.27,7.78,66.2,61.49,3.42,60.03,3,55.55,3,1,0,0,46.23,1,5.76,Needs Attention,High Risk
STU0598,Mechanical,3rd Year,Male,81.09,7.21,85.6,80.03,1.62,69.62,6,64.23,1,1,0,2,5.0,1,6.2,Needs Attention,High Risk
STU0599,ECE,3rd Year,Male,95.77,8.2,52.75,100.0,5.4,66.45,5,70.48,2,3,1,0,61.47,0,7.1,Good Standing,Medium Risk
STU0600,ECE,3rd Year,Female,72.26,7.26,91.76,49.54,4.76,71.61,3,69.17,3,2,0,3,60.63,0,6.18,Needs Attention,Medium Risk
STU0601,CSE,4th Year,Male,85.18,6.21,85.38,72.37,5.85,54.47,6,44.76,0,5,0,2,50.7,1,6.52,Needs Attention,High Risk
STU0602,EEE,4th Year,Male,67.81,7.77,76.08,91.27,4.02,71.35,4,81.23,1,3,2,0,54.59,1,6.54,Needs Attention,High Risk
STU0603,EEE,2nd Year,Male,76.36,7.73,64.45,73.39,2.56,67.4,6,59.78,4,1,1,1,28.77,1,6.27,Needs Attention,High Risk
STU0604,Mechanical,2nd Year,Female,91.08,6.42,50.83,86.34,4.43,67.56,3,48.3,3,4,0,0,38.13,1,6.65,Needs Attention,High Risk
STU0605,CSE,3rd Year,Female,80.63,8.25,82.61,94.73,4.09,65.65,3,56.67,3,1,1,1,28.59,0,7.14,Good Standing,Medium Risk
STU0606,ECE,4th Year,Male,93.47,8.2,100.0,78.25,2.47,100.0,5,83.26,2,1,2,0,41.89,0,8.16,Good Standing,Low Risk
STU0607,EEE,4th Year,Female,83.1,6.63,74.19,82.13,3.86,87.2,7,68.43,1,1,0,1,62.54,1,5.79,Needs Attention,High Risk
STU0608,CSE,4th Year,Male,100.0,6.84,44.61,76.29,3.15,70.91,4,70.0,2,0,0,0,53.77,1,5.15,At Risk,High Risk
STU0609,EEE,3rd Year,Male,59.22,7.36,78.86,79.17,4.84,49.0,9,43.94,2,1,0,3,24.11,0,6.08,Needs Attention,High Risk
STU0610,Civil,2nd Year,Male,75.39,6.74,84.9,100.0,4.39,59.15,3,67.38,3,3,1,1,81.64,0,6.84,Needs Attention,High Risk
STU0611,EEE,3rd Year,Male,64.99,8.14,58.23,74.1,1.61,97.32,8,82.96,2,6,1,0,48.46,0,6.22,Needs Attention,Medium Risk
STU0612,ECE,2nd Year,Male,65.81,7.65,62.32,70.06,1.43,53.74,4,32.55,0,4,1,2,31.52,1,5.64,Needs Attention,High Risk
STU0613,CSE-AI,2nd Year,Male,65.91,6.41,60.79,89.58,3.34,61.69,5,58.0,3,4,0,3,38.98,2,4.96,At Risk,High Risk
STU0614,Mechanical,3rd Year,Male,80.01,6.68,64.03,63.2,3.56,60.57,8,76.22,5,2,0,1,33.9,0,5.9,Needs Attention,High Risk
STU0615,Mechanical,2nd Year,Female,80.72,8.69,69.42,66.39,4.87,72.36,5,67.85,2,2,1,1,49.52,1,6.59,Needs Attention,Medium Risk
STU0616,ECE,2nd Year,Female,83.13,9.04,59.09,66.48,4.42,56.27,5,46.66,3,1,1,4,18.54,0,6.85,Needs Attention,Low Risk
STU0617,EEE,4th Year,Female,64.52,8.04,53.46,71.42,6.13,68.54,4,72.17,1,2,0,0,50.89,2,5.55,Needs Attention,High Risk
STU0618,CSE,2nd Year,Female,74.11,7.29,74.62,72.03,2.66,56.71,5,43.99,4,1,0,1,61.8,1,5.88,Needs Attention,High Risk
STU0619,EEE,3rd Year,Female,66.43,7.06,69.26,84.79,2.56,91.29,6,49.38,3,3,1,0,58.19,1,6.44,Needs Attention,High Risk
STU0620,ECE,3rd Year,Female,89.23,8.05,65.46,70.21,1.77,51.27,5,51.27,5,2,0,1,50.3,0,6.57,Needs Attention,Medium Risk
STU0621,Mechanical,2nd Year,Female,67.56,7.58,73.25,85.35,4.85,84.55,6,92.78,2,2,1,1,56.51,1,6.51,Needs Attention,High Risk
STU0622,EEE,4th Year,Male,75.44,5.89,49.2,87.1,3.54,53.3,7,34.95,0,4,0,1,52.85,1,5.56,Needs Attention,High Risk
STU0623,Mechanical,4th Year,Male,84.72,8.53,75.95,65.85,0.5,47.93,4,36.27,3,3,1,3,65.93,2,6.57,Needs Attention,High Risk
STU0624,CSE,2nd Year,Male,70.61,8.85,65.76,86.8,3.86,50.98,6,70.1,1,1,3,4,40.21,2,6.97,Needs Attention,High Risk
STU0625,Mechanical,2nd Year,Male,86.33,8.24,75.59,88.07,3.98,30.77,3,66.89,0,2,2,0,26.73,1,6.55,Needs Attention,Medium Risk
STU0626,Mechanical,3rd Year,Female,97.15,6.41,77.99,50.35,3.24,73.77,4,56.54,3,3,2,1,52.31,0,6.39,Needs Attention,High Risk
STU0627,CSE-AI,2nd Year,Female,80.28,6.86,88.97,79.11,4.03,41.72,7,65.25,2,5,1,1,66.68,1,6.04,Needs Attention,High Risk
STU0628,CSE-AI,4th Year,Male,88.82,5.64,73.54,67.91,1.3,57.84,6,45.84,2,2,0,1,37.19,0,5.76,Needs Attention,High Risk
STU0629,Civil,2nd Year,Male,53.12,9.1,88.0,93.24,6.45,80.23,2,66.66,2,1,1,1,76.95,1,6.41,Needs Attention,Medium Risk
STU0630,CSE-AI,3rd Year,Female,72.85,7.14,67.17,67.77,4.18,79.59,7,68.77,1,1,0,0,52.63,1,5.69,Needs Attention,High Risk
STU0631,Mechanical,3rd Year,Male,80.22,9.83,67.89,56.25,0.5,36.37,8,86.86,3,2,0,3,63.57,1,6.88,Needs Attention,Medium Risk
STU0632,ECE,3rd Year,Male,65.36,9.46,70.64,74.58,3.49,71.21,3,99.33,2,0,1,1,21.77,0,6.3,Needs Attention,Low Risk
STU0633,Mechanical,3rd Year,Male,80.49,6.6,83.61,62.44,4.23,87.81,7,60.18,3,2,1,1,60.82,1,6.68,Needs Attention,High Risk
STU0634,ECE,3rd Year,Male,90.72,6.79,81.46,86.89,1.5,52.26,6,42.08,5,3,0,3,54.36,0,6.42,Needs Attention,High Risk
STU0635,ECE,2nd Year,Female,55.45,7.97,74.03,63.68,4.46,75.27,9,71.93,0,1,0,0,87.24,0,5.69,Needs Attention,High Risk
STU0636,CSE-AI,2nd Year,Male,63.73,5.75,53.58,74.75,6.53,42.13,5,62.59,0,1,0,2,55.32,0,4.8,At Risk,High Risk
STU0637,EEE,2nd Year,Male,80.22,7.06,81.2,96.64,2.34,72.71,6,61.79,2,0,0,0,58.08,0,6.75,Needs Attention,High Risk
STU0638,CSE,2nd Year,Female,83.53,6.96,59.08,90.38,4.27,67.63,4,36.0,3,0,0,1,28.6,0,6.24,Needs Attention,High Risk
STU0639,CSE-AI,3rd Year,Female,86.86,9.35,58.26,81.69,3.88,78.22,4,66.78,2,2,1,4,51.35,1,7.62,Good Standing,Medium Risk
STU0640,CSE-AI,4th Year,Male,79.33,7.66,54.92,73.21,5.24,76.98,6,72.61,2,2,1,0,67.92,1,6.23,Needs Attention,High Risk
STU0641,EEE,2nd Year,Female,83.54,7.22,70.75,80.36,3.3,37.93,4,82.88,3,0,1,1,38.07,0,6.23,Needs Attention,High Risk
STU0642,CSE,4th Year,Male,88.84,6.87,90.18,84.65,1.58,67.73,5,55.9,0,2,1,1,30.76,1,6.68,Needs Attention,High Risk
STU0643,Mechanical,2nd Year,Male,73.03,8.39,57.52,61.19,5.13,94.06,2,50.14,1,5,2,0,85.18,1,6.43,Needs Attention,High Risk
STU0644,Civil,2nd Year,Female,70.7,7.0,97.18,86.92,1.69,21.29,4,55.76,2,3,4,0,39.45,2,5.78,Needs Attention,High Risk
STU0645,Civil,4th Year,Male,75.98,7.45,85.65,59.58,6.76,84.34,5,81.81,3,3,0,1,63.1,1,6.47,Needs Attention,High Risk
STU0646,Mechanical,3rd Year,Male,80.39,6.86,50.03,83.01,4.51,97.03,6,89.95,4,5,1,0,35.44,2,6.21,Needs Attention,High Risk
STU0647,CSE-AI,2nd Year,Male,70.1,5.98,66.26,59.5,2.42,35.31,5,85.18,4,2,0,1,36.24,0,5.21,At Risk,High Risk
STU0648,CSE,2nd Year,Male,73.27,6.5,56.4,100.0,5.5,51.59,8,76.66,4,5,1,2,42.54,1,6.29,Needs Attention,High Risk
STU0649,CSE-AI,2nd Year,Female,82.77,7.0,81.97,85.69,3.48,75.35,2,64.42,1,1,1,0,56.46,2,6.61,Needs Attention,High Risk
STU0650,ECE,4th Year,Female,79.89,7.24,57.18,53.22,3.1,47.28,3,67.23,2,2,0,2,68.36,2,4.9,At Risk,High Risk
STU0651,CSE-AI,3rd Year,Male,75.78,7.28,47.68,74.99,2.27,92.29,6,69.85,4,3,1,1,33.78,0,6.6,Needs Attention,High Risk
STU0652,CSE-AI,4th Year,Female,57.11,7.41,67.11,67.7,0.5,86.18,6,60.46,1,0,1,0,67.41,0,5.89,Needs Attention,High Risk
STU0653,Mechanical,4th Year,Male,77.96,7.01,89.54,66.04,4.59,37.3,6,81.01,1,2,0,1,47.77,1,5.78,Needs Attention,High Risk
STU0654,Mechanical,3rd Year,Male,66.36,8.85,69.11,77.06,0.57,50.14,3,35.25,1,2,0,2,41.48,2,6.38,Needs Attention,High Risk
STU0655,Mechanical,4th Year,Male,89.8,8.45,77.98,62.01,2.07,80.4,7,38.58,0,3,0,1,56.19,0,7.02,Good Standing,Low Risk
STU0656,Civil,3rd Year,Male,74.3,7.36,78.56,85.66,4.28,79.61,7,35.22,3,4,0,3,73.58,0,6.33,Needs Attention,High Risk
STU0657,ECE,2nd Year,Male,66.05,7.75,49.32,84.87,2.6,100.0,3,50.56,2,5,1,0,55.31,0,6.74,Needs Attention,High Risk
STU0658,Mechanical,3rd Year,Female,77.26,7.13,58.51,79.92,3.78,47.4,4,89.23,2,2,0,1,30.47,0,5.87,Needs Attention,High Risk
STU0659,CSE,2nd Year,Male,93.25,4.66,72.1,74.73,1.32,94.18,2,43.6,1,1,0,1,47.92,1,5.91,Needs Attention,High Risk
STU0660,Civil,4th Year,Female,85.57,7.52,63.64,84.24,2.87,46.72,7,44.26,3,3,2,1,56.24,1,6.14,Needs Attention,High Risk
STU0661,EEE,4th Year,Female,80.64,7.81,97.57,86.08,3.79,75.01,7,50.14,1,3,3,2,33.13,1,7.25,Good Standing,Medium Risk
STU0662,CSE,2nd Year,Male,62.09,5.89,53.58,81.37,1.79,82.85,7,84.94,2,3,0,1,50.62,0,5.86,Needs Attention,High Risk
STU0663,CSE,4th Year,Male,97.46,8.0,58.36,56.63,6.54,5.12,5,90.84,3,4,0,0,30.63,0,6.39,Needs Attention,Medium Risk
STU0664,Mechanical,3rd Year,Male,70.54,7.22,76.36,63.96,2.35,83.22,6,83.27,2,2,1,0,57.68,2,5.72,Needs Attention,High Risk
STU0665,EEE,2nd Year,Male,89.21,7.84,62.58,71.25,5.98,92.69,5,84.39,3,2,0,1,74.29,2,7.05,Good Standing,High Risk
STU0666,EEE,4th Year,Male,74.1,7.25,30.0,54.34,3.2,86.92,3,94.73,0,0,2,0,43.38,0,5.39,At Risk,High Risk
STU0667,Civil,2nd Year,Female,88.05,8.75,100.0,78.14,0.68,100.0,3,32.66,2,2,0,1,59.91,1,7.12,Good Standing,Medium Risk
STU0668,EEE,3rd Year,Male,93.68,7.73,55.89,94.75,1.45,84.3,8,42.95,2,1,0,1,65.5,1,6.63,Needs Attention,High Risk
STU0669,ECE,3rd Year,Male,85.78,8.5,80.41,92.52,3.82,54.26,6,52.39,1,3,0,4,36.42,2,6.67,Needs Attention,High Risk
STU0670,Mechanical,4th Year,Female,87.07,8.58,53.2,85.35,5.36,89.78,10,66.87,2,2,0,2,53.47,0,6.72,Needs Attention,Medium Risk
STU0671,EEE,3rd Year,Female,76.82,6.38,59.05,85.19,6.69,53.12,7,66.81,1,3,0,2,67.77,1,5.57,Needs Attention,High Risk
STU0672,Civil,2nd Year,Male,72.79,6.76,47.66,100.0,3.73,66.65,10,67.09,4,4,3,1,77.74,1,6.1,Needs Attention,High Risk
STU0673,ECE,3rd Year,Female,79.66,7.95,60.88,86.81,1.38,81.64,5,80.02,0,1,1,1,39.43,0,6.66,Needs Attention,Medium Risk
STU0674,CSE-AI,2nd Year,Male,73.92,7.13,62.34,87.96,4.0,73.96,6,30.48,0,2,0,0,22.46,0,6.68,Needs Attention,High Risk
STU0675,CSE-AI,2nd Year,Female,100.0,7.26,70.01,54.86,2.01,92.02,5,62.47,3,2,0,2,56.67,0,6.58,Needs Attention,Medium Risk
STU0676,ECE,3rd Year,Female,66.09,8.79,66.41,93.66,4.21,100.0,4,69.78,1,1,2,1,49.58,0,7.14,Good Standing,Medium Risk
STU0677,Civil,4th Year,Male,90.03,7.19,50.38,80.58,1.81,42.25,5,59.14,3,3,0,0,45.61,1,5.92,Needs Attention,High Risk
STU0678,ECE,3rd Year,Female,84.21,6.53,64.14,73.88,0.5,58.43,6,68.4,1,3,1,1,34.61,1,6.42,Needs Attention,High Risk
STU0679,Mechanical,2nd Year,Female,80.76,6.67,93.71,70.41,5.87,71.33,3,83.4,2,2,2,2,62.68,0,6.06,Needs Attention,High Risk
STU0680,Mechanical,2nd Year,Female,95.76,9.68,91.93,67.32,3.09,55.74,5,66.12,1,1,1,2,33.23,0,7.26,Good Standing,Low Risk
STU0681,CSE-AI,3rd Year,Female,81.58,7.32,78.84,92.59,3.59,63.49,3,100.0,3,3,2,3,31.49,0,7.42,Good Standing,Medium Risk
STU0682,EEE,4th Year,Female,70.38,6.14,81.95,74.6,5.29,80.52,2,82.12,0,4,1,1,42.35,1,5.86,Needs Attention,High Risk
STU0683,Civil,4th Year,Female,81.5,5.73,100.0,67.84,6.88,77.86,6,69.79,2,2,1,0,63.58,0,5.68,Needs Attention,High Risk
STU0684,CSE-AI,2nd Year,Male,75.8,6.88,80.57,64.2,4.8,69.95,5,74.07,1,3,0,1,17.87,1,6.78,Needs Attention,High Risk
STU0685,EEE,2nd Year,Male,84.04,7.3,81.66,77.39,3.69,67.95,5,78.38,4,0,2,2,24.7,2,5.94,Needs Attention,High Risk
STU0686,EEE,4th Year,Female,87.76,8.45,48.53,69.97,4.33,60.52,7,95.34,1,2,3,0,28.61,1,6.27,Needs Attention,Medium Risk
STU0687,Mechanical,3rd Year,Male,67.69,8.35,55.31,66.77,2.97,93.09,7,86.14,4,2,1,1,84.66,0,6.79,Needs Attention,Medium Risk
STU0688,CSE,2nd Year,Male,92.34,7.49,71.51,55.65,3.57,98.27,8,74.26,5,2,0,4,50.65,2,6.78,Needs Attention,High Risk
STU0689,CSE,2nd Year,Male,74.94,7.05,59.89,88.43,3.76,85.38,3,51.88,3,1,3,1,24.14,1,5.87,Needs Attention,High Risk
STU0690,ECE,4th Year,Female,83.32,7.84,57.03,73.07,2.08,42.01,9,72.47,0,1,0,0,42.38,0,6.8,Needs Attention,Medium Risk
STU0691,Mechanical,3rd Year,Male,85.4,5.75,58.76,59.81,3.54,59.76,5,75.42,3,3,1,0,60.46,0,5.66,Needs Attention,High Risk
STU0692,EEE,4th Year,Female,82.41,9.48,50.65,71.2,4.16,68.99,6,79.0,0,2,2,3,85.0,0,6.63,Needs Attention,Low Risk
STU0693,Civil,3rd Year,Male,76.69,8.15,60.13,82.69,4.43,46.19,2,51.79,1,1,0,1,14.23,1,5.76,Needs Attention,High Risk
STU0694,CSE,3rd Year,Female,72.14,8.37,77.09,75.4,4.29,66.58,8,78.29,4,1,1,2,23.51,3,6.44,Needs Attention,High Risk
STU0695,EEE,3rd Year,Female,74.77,6.43,98.94,77.67,1.09,65.44,4,79.41,2,0,1,0,38.23,0,6.8,Needs Attention,High Risk
STU0696,CSE,2nd Year,Male,96.78,8.78,83.95,75.6,5.71,86.68,3,43.22,1,1,0,1,38.94,0,7.33,Good Standing,Low Risk
STU0697,CSE,4th Year,Male,67.61,7.04,81.54,57.12,5.56,55.03,7,43.37,1,3,3,2,38.62,2,5.01,At Risk,High Risk
STU0698,CSE,4th Year,Female,69.37,6.55,47.65,88.28,3.33,88.27,8,85.12,0,2,2,0,42.76,0,5.58,Needs Attention,High Risk
STU0699,Civil,3rd Year,Male,68.84,7.46,73.79,51.08,4.32,45.85,10,49.61,3,0,4,0,85.57,1,5.39,At Risk,High Risk
STU0700,Mechanical,2nd Year,Male,79.63,7.44,71.0,81.46,3.11,48.64,4,92.68,1,1,1,1,19.69,2,5.38,At Risk,High Risk
STU0701,Civil,2nd Year,Male,59.7,6.42,76.36,83.62,4.85,57.41,4,59.98,2,3,2,0,48.2,1,5.84,Needs Attention,High Risk
STU0702,CSE-AI,4th Year,Female,61.76,6.61,66.59,71.92,2.03,65.96,3,71.93,4,1,0,2,56.22,0,5.93,Needs Attention,High Risk
STU0703,EEE,2nd Year,Female,74.87,6.53,96.93,79.95,5.92,16.67,6,71.05,1,4,1,4,15.97,2,5.46,At Risk,High Risk
STU0704,Mechanical,2nd Year,Male,62.55,6.54,72.79,71.12,4.76,74.19,10,52.14,1,2,0,2,73.68,0,6.05,Needs Attention,High Risk
STU0705,Mechanical,3rd Year,Male,63.52,7.11,74.25,80.12,4.81,99.19,7,90.03,4,3,1,0,41.86,0,6.21,Needs Attention,High Risk
STU0706,Mechanical,2nd Year,Male,62.64,6.11,42.56,88.9,3.31,78.03,3,60.0,1,1,0,0,23.33,1,4.81,At Risk,High Risk
STU0707,Mechanical,3rd Year,Female,67.84,6.81,70.4,63.91,0.96,60.79,8,66.06,5,2,0,0,75.94,1,5.27,At Risk,High Risk
STU0708,Civil,4th Year,Female,86.77,8.55,89.24,84.44,5.09,43.31,4,29.32,3,2,1,3,58.63,1,6.55,Needs Attention,Medium Risk
STU0709,Mechanical,2nd Year,Male,89.47,8.32,80.33,98.69,1.02,28.74,6,40.94,2,0,2,0,34.15,0,7.01,Good Standing,Medium Risk
STU0710,ECE,4th Year,Male,100.0,6.45,39.67,78.7,5.11,32.14,7,85.29,0,4,1,1,59.5,0,5.72,Needs Attention,High Risk
STU0711,EEE,4th Year,Male,100.0,8.46,65.25,67.96,2.11,62.38,1,64.9,2,3,1,3,52.75,0,6.51,Needs Attention,Low Risk
STU0712,Mechanical,2nd Year,Male,87.44,5.53,97.98,100.0,0.64,100.0,4,54.46,3,3,0,0,14.27,2,6.37,Needs Attention,High Risk
STU0713,EEE,2nd Year,Male,90.33,9.93,69.74,76.24,3.5,10.66,9,54.75,3,1,0,0,16.23,0,7.48,Good Standing,Low Risk
STU0714,ECE,4th Year,Male,79.57,8.8,76.84,78.24,5.63,79.0,5,74.87,1,2,0,2,51.73,0,7.32,Good Standing,Low Risk
STU0715,ECE,2nd Year,Female,84.24,6.94,96.29,78.53,1.76,51.45,2,87.69,2,3,1,0,9.57,1,5.96,Needs Attention,High Risk
STU0716,EEE,3rd Year,Male,100.0,7.88,69.68,81.27,6.38,58.29,8,54.89,0,3,0,1,65.11,2,6.89,Needs Attention,High Risk
STU0717,CSE,3rd Year,Female,82.45,6.1,83.87,70.26,4.68,46.25,4,84.73,1,2,0,1,17.38,0,6.68,Needs Attention,High Risk
STU0718,CSE-AI,2nd Year,Male,91.84,7.56,78.17,77.66,3.78,37.65,9,62.12,4,2,2,3,63.41,0,6.43,Needs Attention,Medium Risk
STU0719,CSE,4th Year,Male,66.79,7.32,81.38,88.33,2.72,67.51,4,74.01,3,1,0,0,73.47,1,6.08,Needs Attention,High Risk
STU0720,CSE,2nd Year,Female,70.01,6.67,77.69,69.77,2.84,70.26,4,33.05,1,3,1,3,54.79,0,5.85,Needs Attention,High Risk
STU0721,Civil,2nd Year,Female,81.74,7.03,63.79,69.12,4.27,78.37,5,36.13,1,2,1,0,5.0,1,5.98,Needs Attention,High Risk
STU0722,CSE,4th Year,Female,79.8,6.93,65.28,70.91,5.02,31.3,5,79.76,0,2,0,1,67.41,0,5.86,Needs Attention,High Risk
STU0723,Mechanical,4th Year,Female,70.56,6.37,59.18,59.63,2.43,82.48,3,69.95,3,3,3,0,36.27,2,5.22,At Risk,High Risk
STU0724,Civil,3rd Year,Male,100.0,6.64,47.4,65.44,2.05,82.84,8,72.27,1,1,1,0,43.85,3,5.83,Needs Attention,High Risk
STU0725,Civil,4th Year,Female,80.07,6.06,90.67,64.87,3.12,73.49,5,45.58,1,3,2,1,30.13,1,6.02,Needs Attention,High Risk
STU0726,ECE,3rd Year,Male,72.69,8.36,72.15,74.99,6.01,56.58,4,57.4,1,0,0,1,78.64,0,6.11,Needs Attention,Medium Risk
STU0727,CSE,4th Year,Female,79.82,6.57,89.91,86.71,1.31,71.17,5,34.9,1,3,0,0,48.55,0,6.61,Needs Attention,High Risk
STU0728,ECE,2nd Year,Male,78.31,6.28,95.48,95.35,5.56,61.79,4,49.75,0,3,1,1,36.88,0,6.37,Needs Attention,High Risk
STU0729,EEE,3rd Year,Male,80.25,8.34,72.8,75.8,3.58,84.37,6,64.59,1,3,0,0,71.79,1,6.47,Needs Attention,Medium Risk
STU0730,CSE-AI,3rd Year,Male,58.88,7.87,52.3,81.39,0.53,57.67,3,70.9,2,3,1,1,62.59,0,5.86,Needs Attention,High Risk
STU0731,Civil,3rd Year,Male,93.5,8.3,69.06,78.41,2.67,67.16,5,52.17,0,3,2,0,22.35,0,6.88,Needs Attention,Low Risk
STU0732,EEE,2nd Year,Male,94.19,8.42,61.93,45.69,4.6,30.23,8,74.94,2,2,0,2,51.68,0,5.94,Needs Attention,Medium Risk
STU0733,EEE,2nd Year,Male,95.64,9.44,42.3,58.93,6.74,71.11,7,64.31,2,0,1,1,49.41,0,6.38,Needs Attention,Low Risk
STU0734,Mechanical,2nd Year,Female,81.91,7.34,64.47,85.66,1.11,50.01,4,60.93,0,4,1,2,15.56,0,6.29,Needs Attention,Medium Risk
STU0735,CSE-AI,2nd Year,Male,85.95,6.04,70.93,87.02,0.5,75.25,7,66.51,4,2,0,2,61.54,0,6.24,Needs Attention,High Risk
STU0736,EEE,2nd Year,Female,67.61,7.77,62.35,86.7,1.14,80.77,5,100.0,1,3,1,0,44.42,0,6.55,Needs Attention,Medium Risk
STU0737,EEE,3rd Year,Female,87.99,6.83,60.43,72.51,5.53,52.8,4,62.1,2,2,2,0,88.02,0,5.99,Needs Attention,High Risk
STU0738,CSE-AI,2nd Year,Male,81.02,6.54,52.84,47.07,0.5,65.62,3,82.14,3,0,1,2,73.2,1,5.68,Needs Attention,High Risk
STU0739,CSE-AI,3rd Year,Female,72.48,7.6,74.94,60.6,6.2,68.49,6,74.83,2,3,0,1,49.44,0,5.89,Needs Attention,Medium Risk
STU0740,EEE,2nd Year,Male,88.38,8.37,100.0,62.74,5.69,72.36,2,60.53,1,2,1,0,43.25,0,7.71,Good Standing,Low Risk
STU0741,CSE-AI,4th Year,Female,88.84,6.66,91.18,83.8,3.84,80.8,5,37.09,2,2,3,1,5.0,0,6.36,Needs Attention,Medium Risk
STU0742,EEE,3rd Year,Male,78.73,8.77,81.8,70.0,2.37,78.18,5,53.71,3,1,1,0,61.85,2,7.12,Good Standing,High Risk
STU0743,EEE,4th Year,Female,83.26,6.51,82.13,98.67,3.6,57.4,4,66.37,1,2,1,0,43.63,1,6.39,Needs Attention,High Risk
STU0744,Mechanical,3rd Year,Male,65.62,7.26,70.01,95.55,4.6,96.97,8,63.11,1,4,0,0,35.65,0,6.46,Needs Attention,High Risk
STU0745,CSE,4th Year,Male,92.92,7.89,44.93,98.43,4.33,80.04,2,88.34,1,2,0,1,45.43,1,5.66,Needs Attention,High Risk
STU0746,EEE,2nd Year,Male,67.21,7.11,66.46,62.17,6.63,93.1,6,51.8,1,0,3,0,76.06,1,5.28,At Risk,High Risk
STU0747,ECE,2nd Year,Male,69.53,5.72,57.46,81.87,3.03,71.93,4,62.36,0,1,1,1,72.29,0,5.14,At Risk,High Risk
STU0748,Civil,2nd Year,Female,78.75,8.43,74.32,68.31,1.16,73.12,6,74.65,3,1,2,1,72.24,0,6.81,Needs Attention,Medium Risk
STU0749,CSE,3rd Year,Male,91.37,6.88,90.5,79.59,0.84,62.66,2,59.99,2,2,1,1,24.24,0,6.47,Needs Attention,Medium Risk
STU0750,CSE,4th Year,Female,91.37,8.24,100.0,63.72,0.5,56.12,5,82.53,2,2,0,2,76.59,1,6.78,Needs Attention,Medium Risk
STU0751,CSE,2nd Year,Female,77.94,6.24,72.97,92.17,3.85,84.51,3,45.42,0,4,1,4,35.2,0,6.17,Needs Attention,High Risk
STU0752,Mechanical,4th Year,Female,87.28,6.41,46.99,63.98,3.08,70.29,7,37.64,3,6,0,0,59.92,1,5.73,Needs Attention,High Risk
STU0753,EEE,4th Year,Male,57.73,8.36,72.94,47.74,3.56,62.37,3,59.84,0,2,1,2,57.55,0,5.49,At Risk,Medium Risk
STU0754,Mechanical,2nd Year,Female,69.37,7.84,73.35,100.0,2.53,44.55,4,63.72,3,2,0,3,42.18,0,6.34,Needs Attention,Medium Risk
STU0755,EEE,2nd Year,Female,69.61,7.06,82.18,81.19,1.5,96.1,4,68.93,2,1,1,0,49.28,0,6.71,Needs Attention,High Risk
STU0756,Mechanical,4th Year,Female,93.03,7.86,71.71,60.03,4.61,67.25,6,67.49,1,0,1,0,12.14,0,7.41,Good Standing,Medium Risk
STU0757,Mechanical,2nd Year,Male,85.86,6.55,73.0,72.73,0.5,40.47,6,57.65,1,2,1,2,46.18,1,5.97,Needs Attention,High Risk
STU0758,Civil,2nd Year,Male,80.22,7.61,62.52,66.92,2.06,66.63,8,37.86,2,1,0,3,40.29,1,5.96,Needs Attention,High Risk
STU0759,ECE,2nd Year,Female,81.38,7.63,67.32,75.08,4.92,60.98,5,62.86,1,2,0,0,88.93,1,5.84,Needs Attention,High Risk
STU0760,Mechanical,3rd Year,Male,96.82,7.13,79.7,86.24,1.88,60.16,2,46.29,2,3,1,0,45.58,1,6.71,Needs Attention,High Risk
STU0761,Civil,4th Year,Male,75.96,6.66,41.87,84.04,4.21,76.53,9,66.27,3,2,1,0,30.71,0,5.54,Needs Attention,High Risk
STU0762,CSE-AI,4th Year,Female,62.23,7.57,67.24,78.55,2.06,61.01,4,45.06,2,1,0,0,47.3,0,6.05,Needs Attention,High Risk
STU0763,ECE,3rd Year,Female,91.05,7.45,82.32,75.07,2.68,58.89,7,71.83,0,3,2,0,31.56,0,6.73,Needs Attention,Medium Risk
STU0764,Mechanical,4th Year,Male,80.18,7.03,96.61,90.1,4.53,92.25,3,95.02,1,2,0,1,16.62,1,6.82,Needs Attention,High Risk
STU0765,CSE,2nd Year,Female,89.44,6.47,66.02,48.04,1.2,30.21,8,51.93,0,1,0,0,53.24,0,5.66,Needs Attention,High Risk
STU0766,CSE-AI,4th Year,Male,77.46,7.51,89.78,64.51,4.84,63.97,2,42.23,3,5,2,2,45.15,1,6.46,Needs Attention,High Risk
STU0767,CSE-AI,2nd Year,Male,67.94,7.04,97.35,61.3,3.58,83.58,2,85.6,4,3,1,3,64.86,2,6.06,Needs Attention,High Risk
STU0768,Civil,3rd Year,Male,82.83,6.47,66.22,89.09,5.76,77.54,5,96.81,3,2,1,0,74.12,0,6.04,Needs Attention,High Risk
STU0769,CSE-AI,2nd Year,Male,78.12,7.54,63.63,64.65,3.87,85.4,2,42.58,0,1,1,0,82.79,0,5.71,Needs Attention,High Risk
STU0770,ECE,4th Year,Male,80.22,9.11,69.27,57.0,1.57,100.0,9,63.35,3,3,0,1,49.59,0,6.62,Needs Attention,Low Risk
STU0771,Mechanical,4th Year,Male,97.4,7.13,70.77,82.69,6.61,98.98,7,73.76,2,1,3,1,58.83,0,7.06,Good Standing,Medium Risk
STU0772,Mechanical,4th Year,Female,64.82,9.0,88.36,62.28,1.73,41.89,5,60.32,4,2,3,2,50.63,0,7.11,Good Standing,Medium Risk
STU0773,CSE,3rd Year,Female,81.43,9.61,60.39,70.09,3.09,32.79,3,33.47,1,1,0,2,5.0,1,7.2,Good Standing,Medium Risk
STU0774,Civil,3rd Year,Male,68.17,6.55,95.07,100.0,5.22,71.54,4,40.29,3,2,3,0,69.72,0,6.9,Needs Attention,High Risk
STU0775,CSE,4th Year,Male,46.91,7.51,59.99,86.02,0.5,37.92,6,42.18,1,1,2,1,55.92,0,5.61,Needs Attention,High Risk
STU0776,CSE-AI,2nd Year,Male,77.41,9.6,53.03,72.05,6.09,26.47,5,46.28,2,2,1,1,56.19,1,6.32,Needs Attention,Medium Risk
STU0777,CSE,3rd Year,Female,78.37,7.38,79.86,73.3,1.43,71.32,2,66.56,2,3,0,1,34.75,0,6.98,Needs Attention,Medium Risk
STU0778,ECE,4th Year,Male,85.48,7.54,90.46,87.7,2.68,76.34,5,84.76,2,2,0,0,32.14,0,6.88,Needs Attention,Medium Risk
STU0779,Mechanical,4th Year,Female,75.39,5.83,74.68,84.28,4.02,99.22,6,40.57,6,1,2,3,43.64,0,6.91,Needs Attention,High Risk
STU0780,CSE-AI,3rd Year,Male,60.13,6.97,78.53,76.06,3.42,80.37,5,50.85,1,4,2,2,56.16,0,6.16,Needs Attention,High Risk
STU0781,CSE,3rd Year,Male,68.13,8.06,100.0,76.45,4.92,100.0,6,45.02,2,3,2,3,5.95,3,6.94,Needs Attention,High Risk
STU0782,Civil,3rd Year,Female,93.8,9.93,90.67,54.28,0.62,72.11,6,70.19,2,0,0,0,49.04,2,7.18,Good Standing,Medium Risk
STU0783,ECE,2nd Year,Female,67.96,7.3,72.46,51.34,4.81,42.27,2,50.21,1,1,0,0,78.77,1,5.78,Needs Attention,High Risk
STU0784,ECE,2nd Year,Male,97.0,5.84,65.53,72.52,4.95,81.44,4,46.81,1,0,1,2,42.37,0,5.99,Needs Attention,High Risk
STU0785,CSE,4th Year,Male,90.6,6.09,88.43,66.13,5.35,91.69,6,36.25,2,1,1,4,5.41,0,6.65,Needs Attention,High Risk
STU0786,Mechanical,3rd Year,Male,74.19,7.46,84.44,83.21,0.64,72.82,2,89.47,1,2,3,2,41.23,1,6.01,Needs Attention,High Risk
STU0787,CSE,2nd Year,Female,69.25,8.68,78.28,77.76,0.86,94.01,4,100.0,5,4,0,1,50.9,1,6.96,Needs Attention,Medium Risk
STU0788,CSE-AI,3rd Year,Female,90.57,8.14,67.09,64.18,2.88,62.53,3,66.52,1,1,0,0,52.52,0,6.83,Needs Attention,Medium Risk
STU0789,CSE,4th Year,Female,75.11,7.96,70.85,77.28,1.05,75.92,3,91.74,0,2,1,0,48.09,0,6.2,Needs Attention,Medium Risk
STU0790,ECE,2nd Year,Female,59.45,8.81,69.79,69.14,0.5,61.51,3,54.8,4,4,2,2,83.72,0,6.43,Needs Attention,Medium Risk
STU0791,CSE,2nd Year,Female,84.75,6.78,67.34,100.0,2.81,100.0,4,64.98,2,2,1,0,47.82,0,6.7,Needs Attention,High Risk
STU0792,Mechanical,2nd Year,Female,83.01,7.52,62.98,80.41,3.92,81.83,6,76.72,2,2,0,4,48.84,1,6.15,Needs Attention,High Risk
STU0793,Civil,4th Year,Male,91.65,6.98,75.98,53.15,8.54,42.67,3,51.47,2,2,2,0,33.62,0,6.39,Needs Attention,Medium Risk
STU0794,EEE,3rd Year,Male,82.2,7.23,62.31,100.0,4.49,100.0,7,62.13,1,5,2,1,63.89,2,6.7,Needs Attention,High Risk
STU0795,CSE,2nd Year,Female,71.41,6.49,74.66,66.14,6.65,50.34,3,59.91,1,2,0,0,78.94,1,5.78,Needs Attention,High Risk
STU0796,Mechanical,4th Year,Male,93.24,7.16,40.5,61.35,3.42,65.27,3,72.88,3,0,2,2,32.44,1,6.04,Needs Attention,High Risk
STU0797,Mechanical,3rd Year,Male,94.4,7.47,63.0,100.0,4.51,74.37,11,66.12,1,3,0,0,42.83,1,6.67,Needs Attention,High Risk
STU0798,Civil,4th Year,Female,80.8,7.13,88.47,79.84,3.24,76.0,2,51.91,0,4,2,1,5.0,1,7.16,Good Standing,High Risk
STU0799,ECE,3rd Year,Male,78.72,7.34,58.49,84.81,8.33,74.67,8,59.58,7,3,0,1,28.27,0,6.11,Needs Attention,High Risk
STU0800,Mechanical,4th Year,Female,62.12,7.91,80.88,85.26,2.27,42.34,10,85.07,2,2,4,3,84.39,0,6.12,Needs Attention,High Risk
STU0801,Mechanical,3rd Year,Female,70.71,8.74,59.74,72.12,2.51,74.74,4,74.88,1,2,4,0,39.06,3,6.13,Needs Attention,High Risk
STU0802,Mechanical,2nd Year,Male,87.13,8.81,83.64,66.99,4.93,87.01,5,73.31,2,5,1,2,49.54,1,6.61,Needs Attention,Medium Risk
STU0803,Mechanical,3rd Year,Female,71.31,8.26,67.54,69.27,3.87,86.44,5,100.0,0,2,0,0,30.43,0,7.07,Good Standing,Medium Risk
STU0804,CSE-AI,4th Year,Female,60.52,6.24,66.95,97.52,2.74,38.96,4,44.64,2,3,0,0,53.96,2,4.94,At Risk,High Risk
STU0805,CSE-AI,4th Year,Female,100.0,7.14,72.82,77.85,5.23,51.89,8,77.78,3,4,0,0,41.51,1,6.46,Needs Attention,High Risk
STU0806,ECE,3rd Year,Female,60.44,7.23,51.85,93.38,3.43,44.11,11,65.99,2,2,0,2,53.22,1,5.75,Needs Attention,High Risk
STU0807,CSE,2nd Year,Female,100.0,6.84,86.58,73.93,3.41,71.8,7,71.19,1,1,2,1,47.09,0,7.46,Good Standing,Medium Risk
STU0808,Mechanical,2nd Year,Female,74.31,7.84,91.55,64.42,3.92,33.97,5,68.28,1,3,1,2,73.87,1,5.51,Needs Attention,High Risk
STU0809,Civil,3rd Year,Female,76.99,5.91,66.6,54.81,0.5,42.55,7,52.37,2,2,1,1,48.37,0,5.45,At Risk,High Risk
STU0810,CSE,3rd Year,Female,69.93,9.19,79.86,84.07,0.63,51.7,4,46.37,2,1,0,0,28.31,0,6.77,Needs Attention,Low Risk
STU0811,Civil,4th Year,Male,87.39,8.7,83.68,98.72,5.46,29.06,5,65.0,5,2,3,2,32.28,1,7.16,Good Standing,Medium Risk
STU0812,CSE,2nd Year,Male,60.72,7.98,70.63,62.6,2.28,64.44,3,50.92,0,1,0,1,7.63,1,6.25,Needs Attention,High Risk
STU0813,ECE,3rd Year,Male,55.92,7.44,55.38,82.19,3.26,22.87,8,58.35,2,3,1,1,47.51,1,5.42,At Risk,High Risk
STU0814,Mechanical,2nd Year,Female,97.32,8.73,95.91,55.74,6.4,74.71,2,79.37,5,2,0,0,43.73,1,7.31,Good Standing,Low Risk
STU0815,Mechanical,3rd Year,Female,68.35,8.19,66.11,67.22,3.34,57.06,7,42.92,4,1,0,1,75.27,1,5.63,Needs Attention,High Risk
STU0816,EEE,3rd Year,Male,86.95,8.61,62.86,78.75,3.12,52.52,2,61.55,4,3,2,0,21.54,0,6.44,Needs Attention,Medium Risk
STU0817,Civil,2nd Year,Male,64.97,7.44,96.58,50.8,5.11,55.79,2,83.98,2,1,0,0,31.05,0,6.44,Needs Attention,Medium Risk
STU0818,CSE,3rd Year,Male,86.5,9.29,81.15,74.75,2.42,63.79,4,55.87,1,1,1,0,31.26,1,6.72,Needs Attention,Medium Risk
STU0819,CSE,3rd Year,Female,98.2,8.67,75.86,63.29,5.67,76.86,6,91.45,0,2,1,0,39.93,0,7.22,Good Standing,Low Risk
STU0820,CSE-AI,4th Year,Male,71.67,8.01,57.44,83.47,5.08,91.34,6,37.09,2,3,1,3,19.78,1,6.96,Needs Attention,High Risk
STU0821,EEE,3rd Year,Male,54.8,8.76,84.04,72.68,6.79,85.28,4,97.75,3,2,2,1,39.43,2,6.1,Needs Attention,High Risk
STU0822,CSE-AI,3rd Year,Female,98.27,7.08,100.0,88.15,2.26,100.0,8,65.32,3,4,0,1,45.37,0,7.96,Good Standing,Medium Risk
STU0823,CSE-AI,3rd Year,Male,89.11,6.33,85.21,71.09,5.96,78.51,8,41.08,0,2,0,1,45.98,0,6.79,Needs Attention,High Risk
STU0824,CSE-AI,4th Year,Female,72.32,7.82,79.44,55.93,4.5,67.81,9,80.0,4,1,0,1,70.47,0,6.41,Needs Attention,Medium Risk
STU0825,Civil,2nd Year,Female,75.38,7.44,82.82,54.18,1.11,55.86,5,72.76,2,5,1,4,44.41,0,6.04,Needs Attention,Medium Risk
STU0826,Civil,4th Year,Female,64.67,7.3,67.08,48.27,0.5,56.52,4,89.88,4,2,1,2,43.93,0,5.88,Needs Attention,High Risk
STU0827,ECE,4th Year,Male,95.04,8.72,66.94,83.86,2.06,75.78,5,37.35,3,3,0,1,67.9,1,6.95,Needs Attention,Medium Risk
STU0828,ECE,2nd Year,Male,71.58,7.67,66.74,100.0,4.03,45.01,6,45.27,0,4,0,3,44.95,0,6.05,Needs Attention,High Risk
STU0829,CSE-AI,4th Year,Female,60.98,7.76,63.38,81.09,4.29,69.58,3,78.86,2,0,1,1,20.68,0,6.18,Needs Attention,High Risk
STU0830,EEE,2nd Year,Male,80.56,7.17,66.71,98.41,3.39,64.62,6,100.0,1,1,2,1,23.45,1,5.93,Needs Attention,High Risk
STU0831,CSE,4th Year,Male,67.68,8.38,66.64,90.87,3.41,50.44,9,75.35,3,1,0,1,23.64,1,5.9,Needs Attention,High Risk
STU0832,Civil,2nd Year,Male,65.64,8.2,68.33,67.74,3.27,43.98,3,78.14,4,1,2,2,20.63,3,5.49,At Risk,High Risk
STU0833,EEE,3rd Year,Male,72.84,8.37,67.91,92.71,5.36,100.0,6,51.3,2,0,0,0,84.97,0,6.28,Needs Attention,Medium Risk
STU0834,Mechanical,4th Year,Female,79.04,7.0,75.65,68.3,0.91,37.07,3,61.73,2,1,2,0,23.56,1,6.15,Needs Attention,High Risk
STU0835,Civil,4th Year,Male,61.43,8.8,73.18,68.58,3.98,63.64,5,53.84,3,1,1,0,44.17,1,6.52,Needs Attention,High Risk
STU0836,Civil,4th Year,Female,94.62,9.34,74.51,72.08,2.02,89.45,2,74.04,3,2,0,0,46.1,0,7.21,Good Standing,Low Risk
STU0837,ECE,4th Year,Female,86.13,8.34,94.83,72.74,1.87,75.58,5,81.73,0,0,1,0,41.46,0,6.87,Needs Attention,Low Risk
STU0838,CSE,3rd Year,Male,73.62,6.69,73.15,84.26,5.62,55.53,2,68.34,6,3,0,1,29.41,0,6.48,Needs Attention,High Risk
STU0839,CSE,4th Year,Female,67.16,6.7,100.0,65.61,1.73,41.16,4,79.32,2,3,3,0,54.1,1,6.3,Needs Attention,High Risk
STU0840,Mechanical,3rd Year,Male,76.93,7.12,77.29,87.45,3.25,67.6,3,64.48,4,2,2,1,14.52,0,6.58,Needs Attention,Medium Risk
STU0841,Mechanical,3rd Year,Male,88.79,6.94,65.29,87.25,7.03,12.21,6,88.84,2,3,1,1,23.68,2,5.51,Needs Attention,High Risk
STU0842,Civil,3rd Year,Female,86.94,7.43,92.24,79.8,5.01,68.4,7,49.49,3,1,1,0,67.44,2,5.92,Needs Attention,High Risk
STU0843,CSE-AI,3rd Year,Female,90.7,8.13,70.81,100.0,2.68,65.7,6,90.49,1,0,0,0,23.05,0,6.81,Needs Attention,Medium Risk
STU0844,ECE,2nd Year,Female,72.24,7.79,36.09,93.02,2.83,86.4,4,52.11,5,1,0,1,70.95,1,5.66,Needs Attention,High Risk
STU0845,ECE,2nd Year,Female,42.9,7.7,71.94,89.98,1.29,42.13,8,65.29,2,2,1,2,72.66,0,5.33,At Risk,High Risk
STU0846,Civil,4th Year,Male,92.97,7.26,68.26,75.93,5.84,58.53,4,43.5,2,0,1,1,73.06,0,6.68,Needs Attention,Medium Risk
STU0847,EEE,2nd Year,Male,75.99,7.43,96.1,79.92,5.32,73.74,6,74.11,1,1,1,0,61.88,1,6.5,Needs Attention,High Risk
STU0848,CSE-AI,2nd Year,Male,85.99,8.3,58.54,82.33,4.74,69.11,6,67.37,0,1,1,0,17.41,0,6.66,Needs Attention,Medium Risk
STU0849,Civil,4th Year,Female,98.03,5.49,67.01,75.19,4.93,38.15,4,78.3,1,4,1,2,14.24,0,5.86,Needs Attention,High Risk
STU0850,CSE-AI,4th Year,Female,100.0,7.49,91.01,69.74,2.11,52.05,6,33.79,1,1,1,1,22.61,0,6.68,Needs Attention,Medium Risk
STU0851,CSE-AI,4th Year,Female,70.2,7.79,77.92,41.32,0.71,93.0,5,67.41,1,2,0,2,25.95,4,5.78,Needs Attention,High Risk
STU0852,CSE-AI,2nd Year,Male,79.61,8.28,69.43,85.05,4.51,70.19,4,72.26,2,4,0,1,19.0,1,6.75,Needs Attention,Medium Risk
STU0853,Civil,2nd Year,Female,94.4,6.49,60.65,89.58,5.1,31.72,6,47.21,1,4,1,1,31.32,1,5.66,Needs Attention,High Risk
STU0854,ECE,4th Year,Male,67.87,6.44,77.28,58.74,6.39,82.66,6,74.59,3,0,0,3,60.39,1,5.79,Needs Attention,High Risk
STU0855,ECE,3rd Year,Female,71.01,8.08,71.56,83.47,3.14,33.01,7,23.65,3,2,1,3,58.02,0,6.17,Needs Attention,Medium Risk
STU0856,CSE-AI,4th Year,Male,70.94,5.6,60.48,66.72,2.88,58.86,6,62.7,3,0,1,1,50.91,2,4.92,At Risk,High Risk
STU0857,EEE,3rd Year,Male,77.66,8.83,61.26,69.87,3.07,76.27,6,90.42,4,2,1,1,40.7,1,6.62,Needs Attention,Medium Risk
STU0858,CSE,3rd Year,Female,75.36,7.73,59.78,93.35,4.71,89.27,8,62.55,3,1,0,0,43.63,1,7.16,Good Standing,High Risk
STU0859,Civil,4th Year,Female,70.87,9.06,57.11,61.13,2.99,18.24,6,52.06,4,3,3,0,51.02,1,6.23,Needs Attention,High Risk
STU0860,CSE,4th Year,Male,66.41,6.41,86.01,61.11,3.41,79.23,7,63.84,1,0,4,0,35.54,1,6.03,Needs Attention,High Risk
STU0861,EEE,4th Year,Male,87.74,7.06,83.99,100.0,5.0,82.23,3,66.78,3,2,2,0,64.55,0,7.1,Good Standing,Medium Risk
STU0862,Civil,2nd Year,Female,94.05,5.09,86.04,72.96,2.37,53.86,2,81.13,3,3,0,2,18.71,0,6.09,Needs Attention,High Risk
STU0863,CSE-AI,3rd Year,Female,95.79,6.7,72.07,92.45,6.0,66.82,5,67.34,1,3,0,2,29.46,0,6.48,Needs Attention,Medium Risk
STU0864,ECE,2nd Year,Male,72.23,7.32,68.36,52.62,4.64,5.0,9,78.72,2,3,0,0,26.49,0,5.79,Needs Attention,High Risk
STU0865,CSE,2nd Year,Female,88.24,5.54,68.63,53.74,0.5,10.04,3,66.66,3,2,1,2,54.15,1,4.96,At Risk,High Risk
STU0866,Mechanical,4th Year,Male,80.84,7.11,87.32,62.22,2.57,87.17,2,51.51,1,1,0,2,21.0,1,6.6,Needs Attention,High Risk
STU0867,Mechanical,2nd Year,Male,71.15,5.51,44.7,68.26,0.5,54.22,5,39.77,3,2,0,2,26.66,0,4.91,At Risk,High Risk
STU0868,EEE,4th Year,Female,86.81,7.24,64.28,55.35,3.15,58.08,1,71.69,3,0,3,2,53.49,2,5.33,At Risk,High Risk
STU0869,CSE-AI,3rd Year,Female,70.6,8.65,58.69,80.17,2.6,69.69,4,20.52,1,2,1,1,27.62,0,6.93,Needs Attention,Medium Risk
STU0870,CSE,4th Year,Female,73.49,7.47,92.4,81.08,5.0,57.68,6,33.23,6,2,1,3,61.76,0,6.7,Needs Attention,Medium Risk
STU0871,CSE-AI,2nd Year,Female,61.48,9.16,64.84,62.43,1.91,55.83,4,39.84,6,2,1,1,61.29,3,5.81,Needs Attention,High Risk
STU0872,CSE,2nd Year,Female,72.43,8.29,47.46,63.54,4.2,72.89,5,77.86,1,1,1,1,34.24,3,5.76,Needs Attention,High Risk
STU0873,EEE,4th Year,Male,81.05,8.85,75.35,65.39,4.52,35.09,5,38.18,5,3,0,0,47.55,1,6.46,Needs Attention,Medium Risk
STU0874,EEE,4th Year,Male,96.83,6.74,66.45,58.69,3.96,88.2,1,73.46,2,3,1,1,86.19,1,6.7,Needs Attention,High Risk
STU0875,Mechanical,2nd Year,Female,73.76,6.71,63.65,34.46,5.55,60.39,9,46.42,1,4,2,2,62.44,3,4.88,At Risk,High Risk
STU0876,CSE-AI,3rd Year,Female,65.54,7.85,62.1,73.81,7.22,44.89,3,62.36,2,1,1,1,54.88,1,5.88,Needs Attention,High Risk
STU0877,Civil,3rd Year,Female,95.97,5.92,61.51,68.97,3.7,42.2,2,63.87,0,2,2,1,76.04,0,5.87,Needs Attention,High Risk
STU0878,Mechanical,4th Year,Male,71.95,7.97,82.63,70.41,4.23,65.85,6,62.09,4,1,0,0,25.73,0,6.83,Needs Attention,Medium Risk
STU0879,CSE-AI,3rd Year,Female,57.02,7.18,75.36,60.83,1.92,58.87,5,53.36,1,1,0,0,70.12,1,5.67,Needs Attention,High Risk
STU0880,Mechanical,2nd Year,Female,79.6,8.83,69.03,86.35,1.66,34.02,3,36.81,1,3,2,1,52.11,2,6.1,Needs Attention,High Risk
STU0881,Civil,4th Year,Male,74.1,8.18,55.53,100.0,5.36,52.96,4,65.48,0,2,1,0,74.14,1,6.19,Needs Attention,High Risk
STU0882,ECE,2nd Year,Male,100.0,8.6,69.47,63.32,5.12,48.82,5,75.04,1,4,0,1,34.56,0,6.98,Needs Attention,Low Risk
STU0883,ECE,2nd Year,Female,83.7,6.75,75.91,94.6,1.65,90.24,8,77.23,2,4,3,2,72.85,0,6.75,Needs Attention,High Risk
STU0884,ECE,3rd Year,Female,76.24,8.55,76.48,80.13,1.15,67.61,3,66.47,3,1,1,0,10.15,2,7.09,Good Standing,High Risk
STU0885,ECE,4th Year,Female,66.91,8.94,74.41,75.5,2.33,96.39,6,69.64,2,4,0,1,37.48,0,7.07,Good Standing,Low Risk
STU0886,CSE,4th Year,Male,81.96,7.46,58.16,70.18,3.25,50.8,9,51.12,2,5,1,0,50.45,0,6.11,Needs Attention,High Risk
STU0887,ECE,3rd Year,Female,95.48,6.76,35.95,73.83,2.76,59.18,7,73.09,2,1,1,2,58.14,1,6.42,Needs Attention,High Risk
STU0888,Civil,2nd Year,Female,81.74,6.78,98.99,91.09,3.79,72.73,3,72.43,4,3,2,1,5.0,2,6.96,Needs Attention,High Risk
STU0889,EEE,2nd Year,Female,67.83,8.74,52.36,59.07,5.15,77.08,4,59.64,1,3,3,1,20.09,0,6.02,Needs Attention,Medium Risk
STU0890,EEE,2nd Year,Male,84.47,10.0,42.53,71.15,4.33,79.42,4,65.87,2,2,0,1,23.33,0,7.2,Good Standing,Low Risk
STU0891,CSE,2nd Year,Male,77.42,6.52,73.96,92.49,4.47,47.24,11,64.52,3,1,1,0,26.29,2,6.03,Needs Attention,High Risk
STU0892,ECE,4th Year,Female,83.38,6.44,46.37,88.77,0.5,47.81,4,73.22,2,2,1,0,29.99,0,5.37,At Risk,High Risk
STU0893,ECE,4th Year,Female,73.74,8.42,59.93,59.28,0.59,57.89,5,37.21,5,2,0,0,48.29,1,6.01,Needs Attention,High Risk
STU0894,ECE,3rd Year,Male,73.46,6.75,80.23,72.44,2.07,94.62,7,36.85,0,3,0,0,74.53,1,5.75,Needs Attention,High Risk
STU0895,Mechanical,3rd Year,Male,72.99,8.52,98.59,85.19,2.36,44.99,13,37.79,5,0,1,0,37.49,0,7.05,Good Standing,Medium Risk
STU0896,CSE-AI,4th Year,Male,89.31,7.97,77.81,84.29,5.01,54.46,8,56.99,2,3,0,1,75.92,1,6.02,Needs Attention,High Risk
STU0897,Mechanical,4th Year,Male,73.58,7.48,65.41,88.65,1.92,79.6,6,73.2,2,1,0,1,46.7,0,6.12,Needs Attention,High Risk
STU0898,CSE-AI,2nd Year,Male,72.48,7.94,71.23,80.38,4.7,78.53,5,24.57,1,2,2,3,40.72,0,6.09,Needs Attention,Medium Risk
STU0899,ECE,2nd Year,Male,66.7,7.88,44.87,82.73,2.09,76.11,4,66.69,3,0,0,2,65.9,2,5.8,Needs Attention,High Risk
STU0900,ECE,3rd Year,Male,83.45,7.32,65.24,79.8,1.34,66.62,3,86.49,1,0,0,1,41.88,1,5.94,Needs Attention,High Risk
STU0901,Mechanical,4th Year,Male,81.74,5.74,65.25,97.12,1.42,43.7,9,69.92,3,3,1,0,29.36,1,5.77,Needs Attention,High Risk
STU0902,Mechanical,3rd Year,Male,72.61,7.68,74.3,69.09,7.56,51.18,7,28.66,3,2,3,0,71.52,1,5.37,At Risk,High Risk
STU0903,CSE-AI,4th Year,Female,69.49,9.07,100.0,75.67,2.05,87.53,9,74.38,2,1,0,0,44.23,0,7.1,Good Standing,Low Risk
STU0904,EEE,2nd Year,Female,100.0,5.89,42.95,60.79,4.74,80.47,6,69.36,3,2,0,0,80.82,0,5.93,Needs Attention,High Risk
STU0905,CSE-AI,3rd Year,Female,55.43,6.53,65.88,58.03,0.7,38.3,7,58.83,1,0,1,0,37.9,0,4.63,At Risk,High Risk
STU0906,Mechanical,3rd Year,Male,83.92,7.93,44.5,79.55,6.05,82.39,4,68.27,1,2,1,1,18.37,1,6.63,Needs Attention,High Risk
STU0907,Civil,4th Year,Female,93.5,7.54,64.45,64.86,4.13,91.18,6,39.87,3,3,3,1,29.61,0,6.69,Needs Attention,Medium Risk
STU0908,Mechanical,2nd Year,Male,40.0,7.91,59.03,74.19,3.99,66.08,4,65.92,2,2,1,2,31.59,0,5.46,At Risk,High Risk
STU0909,Civil,3rd Year,Male,87.53,6.8,49.58,97.65,4.24,73.53,2,73.61,3,2,1,1,43.09,1,5.83,Needs Attention,High Risk
STU0910,CSE,2nd Year,Female,75.36,8.66,85.7,96.84,4.44,85.23,4,52.53,3,3,1,1,29.11,0,7.52,Good Standing,Low Risk
STU0911,Mechanical,3rd Year,Male,81.07,7.55,75.83,100.0,4.96,51.09,5,56.53,1,2,0,1,19.94,0,7.37,Good Standing,Medium Risk
STU0912,CSE,2nd Year,Female,74.12,8.2,83.94,97.93,2.42,100.0,3,54.78,0,3,0,1,38.54,1,8.08,Good Standing,Medium Risk
STU0913,EEE,4th Year,Female,90.9,7.82,64.03,100.0,2.32,89.46,6,56.44,3,1,0,3,46.83,2,6.24,Needs Attention,High Risk
STU0914,CSE-AI,3rd Year,Female,82.36,7.68,70.94,81.11,3.59,75.48,2,50.06,1,0,0,1,53.23,0,6.73,Needs Attention,Medium Risk
STU0915,Civil,3rd Year,Male,79.58,8.13,95.92,62.36,4.73,64.31,2,51.13,1,2,1,1,44.66,0,7.37,Good Standing,Medium Risk
STU0916,CSE-AI,2nd Year,Female,67.21,7.69,71.96,60.99,3.38,74.9,5,74.29,1,2,1,1,72.32,2,5.38,At Risk,High Risk
STU0917,CSE,2nd Year,Male,100.0,6.31,84.12,94.55,4.89,33.79,6,33.63,1,1,1,1,46.23,0,6.04,Needs Attention,High Risk
STU0918,Civil,3rd Year,Female,78.12,8.59,62.74,75.72,4.61,100.0,4,68.29,3,4,0,0,5.0,1,7.09,Good Standing,Medium Risk
STU0919,CSE-AI,4th Year,Female,100.0,8.32,82.74,76.77,3.11,87.58,2,74.25,1,0,0,1,50.01,0,7.26,Good Standing,Low Risk
STU0920,Mechanical,2nd Year,Female,100.0,5.39,63.77,67.31,0.5,94.28,5,40.65,3,1,1,0,45.15,1,5.37,At Risk,High Risk
STU0921,ECE,2nd Year,Male,56.66,6.85,43.55,68.99,2.59,65.62,7,63.62,6,4,2,1,59.7,0,5.74,Needs Attention,High Risk
STU0922,CSE,2nd Year,Male,70.14,8.54,71.89,80.37,6.64,57.79,9,48.5,0,2,3,1,22.61,0,6.72,Needs Attention,Medium Risk
STU0923,CSE-AI,3rd Year,Male,65.56,5.67,64.95,60.23,4.11,51.51,5,85.45,3,2,1,1,66.23,1,5.3,At Risk,High Risk
STU0924,CSE,3rd Year,Female,77.42,8.44,47.63,78.6,2.35,81.27,7,61.3,2,2,1,1,50.34,1,6.52,Needs Attention,High Risk
STU0925,CSE,3rd Year,Female,80.25,7.36,74.87,96.16,3.95,54.75,10,91.52,1,0,2,2,47.71,0,6.55,Needs Attention,Medium Risk
STU0926,Civil,3rd Year,Male,80.76,8.84,58.6,45.13,4.72,61.25,5,88.8,3,1,0,1,63.77,1,6.13,Needs Attention,Medium Risk
STU0927,Civil,4th Year,Male,90.65,7.5,100.0,53.42,2.35,75.93,6,70.53,1,1,2,0,68.19,1,7.0,Good Standing,Medium Risk
STU0928,ECE,4th Year,Male,95.92,6.78,50.03,84.46,5.72,51.81,7,100.0,0,3,2,0,66.24,2,5.18,At Risk,High Risk
STU0929,Mechanical,3rd Year,Male,89.61,7.81,53.81,94.1,4.39,85.88,6,36.66,1,2,1,0,5.0,0,6.42,Needs Attention,Medium Risk
STU0930,CSE,4th Year,Male,71.27,7.47,85.04,68.14,1.52,64.65,9,91.02,6,1,2,0,16.55,0,6.87,Needs Attention,Medium Risk
STU0931,CSE-AI,2nd Year,Male,68.62,6.69,70.0,47.02,5.04,34.84,6,60.17,1,4,1,0,36.2,2,4.98,At Risk,High Risk
STU0932,EEE,2nd Year,Female,78.03,9.72,84.74,95.05,2.76,51.6,4,62.72,4,3,0,1,21.22,0,7.2,Good Standing,Low Risk
STU0933,CSE,2nd Year,Male,83.11,6.53,77.71,63.65,3.18,91.16,7,56.7,4,1,3,0,31.09,0,6.65,Needs Attention,High Risk
STU0934,CSE,3rd Year,Female,75.8,5.26,63.27,69.94,1.67,46.26,3,38.9,1,4,3,0,43.98,1,5.28,At Risk,High Risk
STU0935,ECE,2nd Year,Female,61.85,9.08,51.31,79.47,4.64,82.88,4,75.25,2,4,0,1,35.6,1,5.83,Needs Attention,Medium Risk
STU0936,Mechanical,4th Year,Male,86.18,6.92,88.07,65.67,3.23,67.43,3,42.67,3,1,1,1,44.52,0,6.66,Needs Attention,Medium Risk
STU0937,EEE,3rd Year,Male,73.29,7.2,52.67,62.73,4.71,61.57,5,54.36,1,2,1,1,72.19,0,5.42,At Risk,High Risk
STU0938,Civil,4th Year,Female,72.93,7.14,80.38,62.99,2.51,100.0,2,55.16,3,2,2,0,80.61,0,6.62,Needs Attention,High Risk
STU0939,Civil,2nd Year,Male,77.34,6.93,85.78,100.0,2.3,39.32,3,82.92,3,3,0,1,52.47,0,6.35,Needs Attention,High Risk
STU0940,CSE-AI,2nd Year,Male,75.12,6.73,70.1,91.23,2.16,50.2,3,63.67,3,1,1,0,71.7,0,6.16,Needs Attention,High Risk
STU0941,EEE,2nd Year,Female,73.6,6.5,67.44,83.04,4.21,64.53,7,21.01,1,2,2,0,37.02,0,5.92,Needs Attention,High Risk
STU0942,Civil,3rd Year,Female,62.64,7.56,57.24,44.39,2.28,100.0,4,48.82,3,2,2,0,32.5,0,5.57,Needs Attention,High Risk
STU0943,CSE-AI,4th Year,Female,76.65,7.1,78.94,83.09,3.13,64.58,7,36.88,4,3,2,2,43.5,2,5.6,Needs Attention,High Risk
STU0944,Mechanical,3rd Year,Male,86.44,8.23,30.0,82.34,2.57,70.49,5,74.04,3,1,3,2,38.75,0,5.75,Needs Attention,Medium Risk
STU0945,CSE-AI,3rd Year,Female,81.18,7.98,82.74,57.11,4.29,58.28,3,43.71,0,0,0,2,58.51,1,5.77,Needs Attention,High Risk
STU0946,Civil,2nd Year,Male,89.38,6.57,73.79,78.62,0.5,72.17,7,54.09,5,1,1,2,45.29,0,6.51,Needs Attention,High Risk
STU0947,ECE,3rd Year,Female,69.26,7.61,68.66,89.72,3.94,59.52,4,96.51,2,1,2,0,75.18,0,6.53,Needs Attention,High Risk
STU0948,ECE,3rd Year,Female,62.66,7.08,75.63,82.97,6.62,78.91,4,76.46,2,1,0,1,47.39,0,6.1,Needs Attention,High Risk
STU0949,ECE,2nd Year,Female,75.05,6.51,51.4,65.48,5.72,80.48,5,44.04,1,2,1,0,30.86,0,5.4,At Risk,High Risk
STU0950,Civil,3rd Year,Male,70.63,8.19,35.81,75.19,2.39,60.32,3,79.85,0,1,0,2,35.54,0,5.81,Needs Attention,High Risk
STU0951,ECE,2nd Year,Male,71.88,7.38,79.03,85.22,4.39,42.49,6,52.08,3,1,3,3,33.12,0,5.52,Needs Attention,High Risk
STU0952,EEE,2nd Year,Female,80.54,7.09,91.75,75.83,4.04,66.87,9,79.81,2,7,1,1,59.62,0,6.95,Needs Attention,Medium Risk
STU0953,Mechanical,2nd Year,Female,71.96,6.64,45.91,92.56,6.14,93.04,3,57.58,2,0,4,1,42.9,1,5.78,Needs Attention,High Risk
STU0954,CSE-AI,2nd Year,Female,63.0,6.47,56.21,80.54,0.5,48.47,2,47.72,4,1,3,0,47.37,1,5.29,At Risk,High Risk
STU0955,CSE-AI,3rd Year,Male,71.29,9.49,83.28,85.54,5.5,71.68,2,46.04,4,5,1,0,53.37,0,7.26,Good Standing,Low Risk
STU0956,Civil,2nd Year,Female,82.08,7.83,77.38,86.5,3.02,40.89,7,70.18,1,4,1,0,55.78,1,6.13,Needs Attention,High Risk
STU0957,ECE,2nd Year,Male,86.06,6.41,100.0,60.07,2.16,44.2,5,81.43,1,3,2,1,66.16,1,5.38,At Risk,High Risk
STU0958,ECE,3rd Year,Female,85.94,7.79,88.13,75.7,2.11,91.01,8,71.7,1,1,1,0,51.72,0,7.28,Good Standing,Medium Risk
STU0959,CSE,3rd Year,Female,83.09,8.56,84.53,70.35,1.16,78.83,6,57.21,0,1,2,1,25.81,0,6.56,Needs Attention,Low Risk
STU0960,Mechanical,4th Year,Female,75.98,7.67,60.54,89.61,2.39,71.98,4,32.65,2,3,2,0,35.27,1,6.07,Needs Attention,High Risk
STU0961,EEE,3rd Year,Female,82.86,8.87,79.87,81.49,1.56,18.56,4,53.49,2,4,2,0,35.25,0,6.37,Needs Attention,Low Risk
STU0962,CSE-AI,3rd Year,Female,77.49,5.96,94.43,72.37,3.82,53.94,7,42.46,2,0,2,2,30.44,1,6.09,Needs Attention,High Risk
STU0963,CSE,4th Year,Female,79.36,5.51,69.53,57.05,4.56,77.14,2,89.63,0,1,0,0,65.76,1,5.08,At Risk,High Risk
STU0964,CSE,3rd Year,Male,66.73,7.76,70.24,52.64,3.04,36.02,2,57.83,5,2,1,0,42.03,1,6.01,Needs Attention,High Risk
STU0965,Civil,3rd Year,Female,78.53,7.78,74.12,79.34,6.2,57.92,5,70.41,0,2,2,0,48.57,0,6.6,Needs Attention,Medium Risk
STU0966,CSE-AI,3rd Year,Male,82.54,4.16,62.03,64.96,2.51,80.33,6,58.81,3,2,1,2,51.68,1,4.68,At Risk,High Risk
STU0967,Civil,3rd Year,Female,82.09,6.88,76.03,84.33,2.94,34.78,6,72.73,0,1,3,1,49.18,2,5.59,Needs Attention,High Risk
STU0968,EEE,4th Year,Female,62.55,6.49,75.66,52.0,2.65,31.41,3,77.93,1,1,0,0,51.2,2,4.27,At Risk,High Risk
STU0969,CSE,3rd Year,Male,79.16,6.11,94.2,97.3,4.58,35.12,13,100.0,0,1,0,2,93.16,1,5.93,Needs Attention,High Risk
STU0970,CSE,3rd Year,Female,60.67,6.49,69.16,84.29,4.76,71.69,6,56.79,2,3,1,3,58.53,1,5.49,At Risk,High Risk
STU0971,Mechanical,4th Year,Male,80.08,8.1,82.12,76.39,4.39,53.86,4,83.78,0,6,0,0,26.59,1,6.26,Needs Attention,Medium Risk
STU0972,EEE,2nd Year,Male,69.58,6.48,69.61,98.56,3.28,82.56,7,70.0,1,4,4,2,51.33,2,5.88,Needs Attention,High Risk
STU0973,CSE,4th Year,Female,98.47,6.52,81.6,88.28,1.09,67.42,4,54.59,0,3,0,0,47.11,1,6.26,Needs Attention,High Risk
STU0974,EEE,2nd Year,Male,79.43,5.88,68.25,68.35,2.93,100.0,9,55.88,1,1,4,0,17.22,0,6.11,Needs Attention,High Risk
STU0975,CSE-AI,4th Year,Male,87.61,8.77,80.6,76.09,6.16,40.25,4,73.48,1,6,1,0,5.0,0,7.71,Good Standing,Low Risk
STU0976,ECE,4th Year,Female,100.0,7.93,82.92,47.5,5.32,71.64,4,59.66,3,2,1,1,47.83,0,7.28,Good Standing,Low Risk
STU0977,CSE,3rd Year,Male,68.19,5.01,56.0,89.9,4.03,49.1,8,66.89,4,2,1,1,39.4,1,4.58,At Risk,High Risk
STU0978,Mechanical,2nd Year,Female,83.23,6.52,88.54,70.86,2.81,77.0,4,76.96,4,0,2,3,22.02,0,6.96,Needs Attention,High Risk
STU0979,CSE-AI,3rd Year,Female,63.77,8.03,69.5,47.32,3.48,67.4,7,100.0,1,4,2,1,34.18,0,6.11,Needs Attention,Medium Risk
STU0980,EEE,2nd Year,Female,82.14,8.78,64.95,58.45,2.82,45.14,4,65.58,3,3,1,1,39.81,0,5.57,Needs Attention,Medium Risk
STU0981,Civil,4th Year,Female,99.19,8.34,61.35,87.19,5.65,61.86,2,44.69,3,1,0,0,33.34,0,6.83,Needs Attention,Low Risk
STU0982,CSE-AI,4th Year,Male,70.47,7.14,76.47,97.59,1.99,66.46,5,72.16,1,5,0,1,50.43,0,5.94,Needs Attention,High Risk
STU0983,CSE,2nd Year,Female,67.37,5.57,71.93,75.29,5.16,53.01,4,56.29,0,2,1,0,48.51,0,5.18,At Risk,High Risk
STU0984,EEE,3rd Year,Female,76.91,8.37,77.56,61.25,2.55,79.54,5,99.08,0,1,1,0,60.97,1,7.1,Good Standing,Medium Risk
STU0985,ECE,3rd Year,Male,100.0,7.2,77.85,55.11,5.88,44.38,2,56.05,1,1,2,1,68.14,1,5.54,Needs Attention,High Risk
STU0986,CSE-AI,3rd Year,Female,87.25,7.57,81.13,94.8,4.27,100.0,4,65.33,0,0,3,0,57.88,0,6.56,Needs Attention,Medium Risk
STU0987,CSE,3rd Year,Female,67.14,7.32,100.0,81.29,2.15,84.07,3,76.21,2,3,0,2,31.36,0,6.82,Needs Attention,Medium Risk
STU0988,Mechanical,4th Year,Male,95.46,6.14,72.6,70.38,2.94,71.97,4,73.84,2,3,2,1,48.37,1,5.76,Needs Attention,High Risk
STU0989,Civil,4th Year,Male,58.14,7.86,60.98,67.04,4.78,100.0,6,90.02,2,2,0,1,12.9,1,6.11,Needs Attention,High Risk
STU0990,EEE,4th Year,Male,100.0,7.73,41.7,84.41,2.6,58.81,9,77.01,3,3,1,1,35.5,2,6.15,Needs Attention,High Risk
STU0991,CSE-AI,4th Year,Male,88.28,7.07,54.07,84.02,3.54,77.23,6,100.0,2,1,0,2,5.0,4,5.21,At Risk,High Risk
STU0992,CSE-AI,4th Year,Male,99.16,7.97,90.53,62.45,2.58,69.45,8,73.09,1,1,0,2,37.95,0,7.04,Good Standing,Low Risk
STU0993,ECE,3rd Year,Male,58.23,6.13,82.8,59.01,6.67,80.95,4,88.38,4,0,1,2,34.29,0,5.48,At Risk,High Risk
STU0994,ECE,3rd Year,Male,80.03,7.23,51.75,59.71,6.98,94.92,5,56.55,3,2,0,1,58.82,1,6.37,Needs Attention,High Risk
STU0995,Mechanical,3rd Year,Female,76.39,7.53,100.0,68.44,6.13,75.98,5,100.0,0,3,0,1,25.66,0,6.52,Needs Attention,Medium Risk
STU0996,Civil,3rd Year,Male,65.92,5.77,76.9,65.34,3.28,85.84,6,58.74,3,2,0,0,48.42,1,5.36,At Risk,High Risk
STU0997,Mechanical,4th Year,Male,62.45,7.44,78.9,97.65,2.78,53.99,3,91.75,2,2,0,1,37.43,2,5.69,Needs Attention,High Risk
STU0998,CSE,4th Year,Male,84.08,8.23,100.0,67.95,2.1,60.88,2,81.05,1,0,1,0,36.5,1,6.6,Needs Attention,Medium Risk
STU0999,CSE,4th Year,Female,85.17,7.2,98.09,57.5,6.26,97.77,2,66.2,1,1,0,1,29.62,1,6.21,Needs Attention,High Risk
STU1000,Mechanical,2nd Year,Female,93.6,7.47,83.72,58.29,5.18,76.94,5,91.92,2,1,1,1,51.01,0,6.83,Needs Attention,Medium Risk
